[{"tiledata":[{"id":"tile219","type":1},{"id":"tile218","type":1},{"id":"tile248","type":1},{"id":"tile247","type":1},{"id":"tile187","type":1},{"id":"tile188","type":1},{"id":"tile217","type":1},{"id":"tile159","type":1},{"id":"tile129","type":1},{"id":"tile99","type":1},{"id":"tile189","type":1},{"id":"tile98","type":1},{"id":"tile97","type":1},{"id":"tile96","type":1},{"id":"tile95","type":1},{"id":"tile94","type":1},{"id":"tile93","type":1},{"id":"tile93","type":1},{"id":"tile123","type":1},{"id":"tile183","type":1},{"id":"tile213","type":1},{"id":"tile153","type":1},{"id":"tile243","type":1},{"id":"tile273","type":1},{"id":"tile303","type":1},{"id":"tile333","type":1},{"id":"tile363","type":1},{"id":"tile365","type":1},{"id":"tile335","type":1},{"id":"tile336","type":1},{"id":"tile366","type":1},{"id":"tile306","type":1},{"id":"tile276","type":1},{"id":"tile246","type":1},{"id":"tile395","type":1},{"id":"tile425","type":1},{"id":"tile224","type":1},{"id":"tile254","type":1},{"id":"tile284","type":1},{"id":"tile314","type":1},{"id":"tile317","type":1},{"id":"tile345","type":1},{"id":"tile346","type":1},{"id":"tile347","type":1},{"id":"tile348","type":1},{"id":"tile349","type":1},{"id":"tile350","type":1},{"id":"tile351","type":1},{"id":"tile321","type":1},{"id":"tile291","type":1},{"id":"tile261","type":1},{"id":"tile231","type":1},{"id":"tile230","type":1},{"id":"tile228","type":1},{"id":"tile227","type":1},{"id":"tile226","type":1},{"id":"tile225","type":1},{"id":"tile255","type":1},{"id":"tile229","type":1},{"id":"tile225","type":1},{"id":"tile193","type":1},{"id":"tile163","type":1},{"id":"tile133","type":1},{"id":"tile103","type":1},{"id":"tile133","type":1},{"id":"tile163","type":1},{"id":"tile103","type":1},{"id":"tile73","type":1},{"id":"tile43","type":1},{"id":"tile13","type":1},{"id":"tile23","type":1},{"id":"tile53","type":1},{"id":"tile83","type":1},{"id":"tile113","type":1},{"id":"tile143","type":1},{"id":"tile174","type":1},{"id":"tile204","type":1},{"id":"tile234","type":1},{"id":"tile264","type":1},{"id":"tile292","type":1},{"id":"tile293","type":1},{"id":"tile322","type":1},{"id":"tile352","type":1},{"id":"tile382","type":1},{"id":"tile412","type":1},{"id":"tile413","type":1},{"id":"tile383","type":1},{"id":"tile353","type":1},{"id":"tile323","type":1},{"id":"tile102","type":1},{"id":"tile72","type":1},{"id":"tile194","type":1},{"id":"tile347","type":1},{"id":"tile197","type":1},{"id":"tile316","type":1},{"id":"tile286","type":1},{"id":"tile256","type":1},{"id":"tile320","type":1},{"id":"tile290","type":1},{"id":"tile260","type":1},{"id":"tile347","type":1},{"id":"tile287","type":1},{"id":"tile257","type":1},{"id":"tile349","type":1},{"id":"tile319","type":1},{"id":"tile289","type":1},{"id":"tile259","type":1},{"id":"tile196","type":1},{"id":"tile195","type":1},{"id":"tile200","type":1},{"id":"tile199","type":1},{"id":"tile201","type":1},{"id":"tile379","type":1},{"id":"tile377","type":1}]},{"mapdata":[null,"2",null,null]},{"id":"tile0","texture":"tiles1.png","frame":{"x":0,"y":0},"type":"ground"},{"id":"tile30","texture":"tiles1.png","frame":{"x":0,"y":0},"type":"ground"},{"id":"tile60","texture":"tiles1.png","frame":{"x":0,"y":0},"type":"ground"},{"id":"tile90","texture":"tiles1.png","frame":{"x":0,"y":0},"type":"ground"},{"id":"tile120","texture":"tiles1.png","frame":{"x":0,"y":0},"type":"ground"},{"id":"tile150","texture":"tiles1.png","frame":{"x":0,"y":0},"type":"ground"},{"id":"tile180","texture":"tiles1.png","frame":{"x":0,"y":0},"type":"ground"},{"id":"tile210","texture":"tiles1.png","frame":{"x":0,"y":0},"type":"ground"},{"id":"tile240","texture":"tiles1.png","frame":{"x":0,"y":0},"type":"ground"},{"id":"tile270","texture":"tiles1.png","frame":{"x":0,"y":0},"type":"ground"},{"id":"tile300","texture":"tiles1.png","frame":{"x":0,"y":0},"type":"ground"},{"id":"tile330","texture":"tiles1.png","frame":{"x":0,"y":0},"type":"ground"},{"id":"tile360","texture":"tiles1.png","frame":{"x":0,"y":0},"type":"ground"},{"id":"tile390","texture":"tiles1.png","frame":{"x":0,"y":0},"type":"ground"},{"id":"tile420","texture":"tiles1.png","frame":{"x":0,"y":0},"type":"ground"},{"id":"tile450","texture":"tiles1.png","frame":{"x":0,"y":0},"type":"ground"},{"id":"tile480","texture":"tiles1.png","frame":{"x":0,"y":0},"type":"ground"},{"id":"tile510","texture":"tiles1.png","frame":{"x":0,"y":0},"type":"ground"},{"id":"tile540","texture":"tiles1.png","frame":{"x":0,"y":0},"type":"ground"},{"id":"tile570","texture":"tiles1.png","frame":{"x":0,"y":0},"type":"ground"},{"id":"tile1","texture":"tiles1.png","frame":{"x":0,"y":0},"type":"ground"},{"id":"tile31","texture":"tiles1.png","frame":{"x":0,"y":0},"type":"ground"},{"id":"tile61","texture":"tiles1.png","frame":{"x":0,"y":0},"type":"ground"},{"id":"tile91","texture":"tiles1.png","frame":{"x":0,"y":0},"type":"ground"},{"id":"tile121","texture":"tiles1.png","frame":{"x":0,"y":0},"type":"ground"},{"id":"tile151","texture":"tiles1.png","frame":{"x":0,"y":0},"type":"ground"},{"id":"tile181","texture":"tiles1.png","frame":{"x":0,"y":0},"type":"ground"},{"id":"tile211","texture":"tiles1.png","frame":{"x":0,"y":0},"type":"ground"},{"id":"tile241","texture":"tiles1.png","frame":{"x":0,"y":0},"type":"ground"},{"id":"tile271","texture":"tiles1.png","frame":{"x":0,"y":0},"type":"ground"},{"id":"tile301","texture":"tiles1.png","frame":{"x":0,"y":0},"type":"ground"},{"id":"tile331","texture":"tiles1.png","frame":{"x":0,"y":0},"type":"ground"},{"id":"tile361","texture":"tiles1.png","frame":{"x":0,"y":0},"type":"ground"},{"id":"tile391","texture":"tiles1.png","frame":{"x":0,"y":0},"type":"ground"},{"id":"tile421","texture":"tiles1.png","frame":{"x":0,"y":0},"type":"ground"},{"id":"tile451","texture":"tiles1.png","frame":{"x":0,"y":0},"type":"ground"},{"id":"tile481","texture":"tiles1.png","frame":{"x":0,"y":0},"type":"ground"},{"id":"tile511","texture":"tiles1.png","frame":{"x":0,"y":0},"type":"ground"},{"id":"tile541","texture":"tiles1.png","frame":{"x":0,"y":0},"type":"ground"},{"id":"tile571","texture":"tiles1.png","frame":{"x":0,"y":0},"type":"ground"},{"id":"tile2","texture":"tiles1.png","frame":{"x":0,"y":0},"type":"ground"},{"id":"tile32","texture":"tiles1.png","frame":{"x":0,"y":0},"type":"ground"},{"id":"tile62","texture":"tiles1.png","frame":{"x":0,"y":0},"type":"ground"},{"id":"tile92","texture":"tiles1.png","frame":{"x":0,"y":0},"type":"ground"},{"id":"tile122","texture":"tiles1.png","frame":{"x":0,"y":0},"type":"ground"},{"id":"tile152","texture":"tiles1.png","frame":{"x":0,"y":0},"type":"ground"},{"id":"tile182","texture":"tiles1.png","frame":{"x":0,"y":0},"type":"ground"},{"id":"tile212","texture":"tiles1.png","frame":{"x":0,"y":0},"type":"ground"},{"id":"tile242","texture":"tiles1.png","frame":{"x":0,"y":0},"type":"ground"},{"id":"tile272","texture":"tiles1.png","frame":{"x":0,"y":0},"type":"ground"},{"id":"tile302","texture":"tiles1.png","frame":{"x":0,"y":0},"type":"ground"},{"id":"tile332","texture":"tiles1.png","frame":{"x":0,"y":0},"type":"ground"},{"id":"tile362","texture":"tiles1.png","frame":{"x":0,"y":0},"type":"ground"},{"id":"tile392","texture":"tiles1.png","frame":{"x":0,"y":0},"type":"ground"},{"id":"tile422","texture":"tiles1.png","frame":{"x":0,"y":0},"type":"ground"},{"id":"tile452","texture":"tiles1.png","frame":{"x":0,"y":0},"type":"ground"},{"id":"tile482","texture":"tiles1.png","frame":{"x":0,"y":0},"type":"ground"},{"id":"tile512","texture":"tiles1.png","frame":{"x":0,"y":0},"type":"ground"},{"id":"tile542","texture":"tiles1.png","frame":{"x":0,"y":0},"type":"ground"},{"id":"tile572","texture":"tiles1.png","frame":{"x":0,"y":0},"type":"ground"},{"id":"tile3","texture":"tiles1.png","frame":{"x":0,"y":0},"type":"ground"},{"id":"tile33","texture":"tiles1.png","frame":{"x":0,"y":0},"type":"ground"},{"id":"tile63","texture":"tiles1.png","frame":{"x":0,"y":0},"type":"ground"},{"id":"tile93","texture":"tiles1.png","frame":{"x":0,"y":0},"type":"ground"},{"id":"tile123","texture":"tiles1.png","frame":{"x":0,"y":0},"type":"ground"},{"id":"tile153","texture":"tiles1.png","frame":{"x":0,"y":0},"type":"ground"},{"id":"tile183","texture":"tiles1.png","frame":{"x":0,"y":0},"type":"ground"},{"id":"tile213","texture":"tiles1.png","frame":{"x":0,"y":0},"type":"ground"},{"id":"tile243","texture":"tiles1.png","frame":{"x":0,"y":0},"type":"ground"},{"id":"tile273","texture":"tiles1.png","frame":{"x":0,"y":0},"type":"ground"},{"id":"tile303","texture":"tiles1.png","frame":{"x":0,"y":0},"type":"ground"},{"id":"tile333","texture":"tiles1.png","frame":{"x":0,"y":0},"type":"ground"},{"id":"tile363","texture":"tiles1.png","frame":{"x":0,"y":0},"type":"ground"},{"id":"tile393","texture":"tiles1.png","frame":{"x":0,"y":0},"type":"ground"},{"id":"tile423","texture":"tiles1.png","frame":{"x":0,"y":0},"type":"ground"},{"id":"tile453","texture":"tiles1.png","frame":{"x":0,"y":0},"type":"ground"},{"id":"tile483","texture":"tiles1.png","frame":{"x":0,"y":0},"type":"ground"},{"id":"tile513","texture":"tiles1.png","frame":{"x":0,"y":0},"type":"ground"},{"id":"tile543","texture":"tiles1.png","frame":{"x":0,"y":0},"type":"ground"},{"id":"tile573","texture":"tiles1.png","frame":{"x":0,"y":0},"type":"ground"},{"id":"tile4","texture":"tiles1.png","frame":{"x":0,"y":0},"type":"ground"},{"id":"tile34","texture":"tiles1.png","frame":{"x":0,"y":0},"type":"ground"},{"id":"tile64","texture":"tiles1.png","frame":{"x":0,"y":0},"type":"ground"},{"id":"tile94","texture":"tiles1.png","frame":{"x":0,"y":0},"type":"ground"},{"id":"tile124","texture":"tiles1.png","frame":{"x":0,"y":0},"type":"ground"},{"id":"tile154","texture":"tiles1.png","frame":{"x":0,"y":0},"type":"ground"},{"id":"tile184","texture":"tiles1.png","frame":{"x":0,"y":0},"type":"ground"},{"id":"tile214","texture":"tiles1.png","frame":{"x":0,"y":0},"type":"ground"},{"id":"tile244","texture":"tiles1.png","frame":{"x":0,"y":0},"type":"ground"},{"id":"tile274","texture":"tiles1.png","frame":{"x":0,"y":0},"type":"ground"},{"id":"tile304","texture":"tiles1.png","frame":{"x":0,"y":0},"type":"ground"},{"id":"tile334","texture":"tiles1.png","frame":{"x":0,"y":0},"type":"ground"},{"id":"tile364","texture":"tiles1.png","frame":{"x":0,"y":0},"type":"ground"},{"id":"tile394","texture":"tiles1.png","frame":{"x":0,"y":0},"type":"ground"},{"id":"tile424","texture":"tiles1.png","frame":{"x":0,"y":0},"type":"ground"},{"id":"tile454","texture":"tiles1.png","frame":{"x":0,"y":0},"type":"ground"},{"id":"tile484","texture":"tiles1.png","frame":{"x":0,"y":0},"type":"ground"},{"id":"tile514","texture":"tiles1.png","frame":{"x":0,"y":0},"type":"ground"},{"id":"tile544","texture":"tiles1.png","frame":{"x":0,"y":0},"type":"ground"},{"id":"tile574","texture":"tiles1.png","frame":{"x":0,"y":0},"type":"ground"},{"id":"tile5","texture":"tiles1.png","frame":{"x":0,"y":0},"type":"ground"},{"id":"tile35","texture":"tiles1.png","frame":{"x":0,"y":0},"type":"ground"},{"id":"tile65","texture":"tiles1.png","frame":{"x":0,"y":0},"type":"ground"},{"id":"tile95","texture":"tiles1.png","frame":{"x":0,"y":0},"type":"ground"},{"id":"tile125","texture":"tiles1.png","frame":{"x":0,"y":0},"type":"ground"},{"id":"tile155","texture":"tiles1.png","frame":{"x":0,"y":0},"type":"ground"},{"id":"tile185","texture":"tiles1.png","frame":{"x":0,"y":0},"type":"ground"},{"id":"tile215","texture":"tiles1.png","frame":{"x":0,"y":0},"type":"ground"},{"id":"tile245","texture":"tiles1.png","frame":{"x":0,"y":0},"type":"ground"},{"id":"tile275","texture":"tiles1.png","frame":{"x":0,"y":0},"type":"ground"},{"id":"tile305","texture":"tiles1.png","frame":{"x":0,"y":0},"type":"ground"},{"id":"tile365","texture":"tiles1.png","frame":{"x":0,"y":0},"type":"ground"},{"id":"tile395","texture":"tiles1.png","frame":{"x":0,"y":0},"type":"ground"},{"id":"tile425","texture":"tiles1.png","frame":{"x":0,"y":0},"type":"ground"},{"id":"tile455","texture":"tiles1.png","frame":{"x":0,"y":0},"type":"ground"},{"id":"tile485","texture":"tiles1.png","frame":{"x":0,"y":0},"type":"ground"},{"id":"tile515","texture":"tiles1.png","frame":{"x":0,"y":0},"type":"ground"},{"id":"tile545","texture":"tiles1.png","frame":{"x":0,"y":0},"type":"ground"},{"id":"tile575","texture":"tiles1.png","frame":{"x":0,"y":0},"type":"ground"},{"id":"tile6","texture":"tiles1.png","frame":{"x":0,"y":0},"type":"ground"},{"id":"tile36","texture":"tiles1.png","frame":{"x":0,"y":0},"type":"ground"},{"id":"tile66","texture":"tiles1.png","frame":{"x":0,"y":0},"type":"ground"},{"id":"tile96","texture":"tiles1.png","frame":{"x":0,"y":0},"type":"ground"},{"id":"tile126","texture":"tiles1.png","frame":{"x":0,"y":0},"type":"ground"},{"id":"tile156","texture":"tiles1.png","frame":{"x":0,"y":0},"type":"ground"},{"id":"tile186","texture":"tiles1.png","frame":{"x":0,"y":0},"type":"ground"},{"id":"tile216","texture":"tiles1.png","frame":{"x":0,"y":0},"type":"ground"},{"id":"tile246","texture":"tiles1.png","frame":{"x":0,"y":0},"type":"ground"},{"id":"tile276","texture":"tiles1.png","frame":{"x":0,"y":0},"type":"ground"},{"id":"tile306","texture":"tiles1.png","frame":{"x":0,"y":0},"type":"ground"},{"id":"tile336","texture":"tiles1.png","frame":{"x":0,"y":0},"type":"ground"},{"id":"tile366","texture":"tiles1.png","frame":{"x":0,"y":0},"type":"ground"},{"id":"tile396","texture":"tiles1.png","frame":{"x":0,"y":0},"type":"ground"},{"id":"tile426","texture":"tiles1.png","frame":{"x":0,"y":0},"type":"ground"},{"id":"tile456","texture":"tiles1.png","frame":{"x":0,"y":0},"type":"ground"},{"id":"tile486","texture":"tiles1.png","frame":{"x":0,"y":0},"type":"ground"},{"id":"tile516","texture":"tiles1.png","frame":{"x":0,"y":0},"type":"ground"},{"id":"tile546","texture":"tiles1.png","frame":{"x":0,"y":0},"type":"ground"},{"id":"tile576","texture":"tiles1.png","frame":{"x":0,"y":0},"type":"ground"},{"id":"tile7","texture":"tiles1.png","frame":{"x":0,"y":0},"type":"ground"},{"id":"tile37","texture":"tiles1.png","frame":{"x":0,"y":0},"type":"ground"},{"id":"tile67","texture":"tiles1.png","frame":{"x":0,"y":0},"type":"ground"},{"id":"tile97","texture":"tiles1.png","frame":{"x":0,"y":0},"type":"ground"},{"id":"tile127","texture":"tiles1.png","frame":{"x":0,"y":0},"type":"ground"},{"id":"tile157","texture":"tiles1.png","frame":{"x":0,"y":0},"type":"ground"},{"id":"tile187","texture":"tiles1.png","frame":{"x":0,"y":0},"type":"ground"},{"id":"tile217","texture":"tiles1.png","frame":{"x":0,"y":0},"type":"ground"},{"id":"tile247","texture":"tiles1.png","frame":{"x":0,"y":0},"type":"ground"},{"id":"tile277","texture":"tiles1.png","frame":{"x":0,"y":0},"type":"ground"},{"id":"tile307","texture":"tiles1.png","frame":{"x":0,"y":0},"type":"ground"},{"id":"tile337","texture":"tiles1.png","frame":{"x":0,"y":0},"type":"ground"},{"id":"tile367","texture":"tiles1.png","frame":{"x":0,"y":0},"type":"ground"},{"id":"tile397","texture":"tiles1.png","frame":{"x":0,"y":0},"type":"ground"},{"id":"tile427","texture":"tiles1.png","frame":{"x":0,"y":0},"type":"ground"},{"id":"tile457","texture":"tiles1.png","frame":{"x":0,"y":0},"type":"ground"},{"id":"tile487","texture":"tiles1.png","frame":{"x":0,"y":0},"type":"ground"},{"id":"tile517","texture":"tiles1.png","frame":{"x":0,"y":0},"type":"ground"},{"id":"tile547","texture":"tiles1.png","frame":{"x":0,"y":0},"type":"ground"},{"id":"tile577","texture":"tiles1.png","frame":{"x":0,"y":0},"type":"ground"},{"id":"tile8","texture":"tiles1.png","frame":{"x":0,"y":0},"type":"ground"},{"id":"tile38","texture":"tiles1.png","frame":{"x":0,"y":0},"type":"ground"},{"id":"tile68","texture":"tiles1.png","frame":{"x":0,"y":0},"type":"ground"},{"id":"tile98","texture":"tiles1.png","frame":{"x":0,"y":0},"type":"ground"},{"id":"tile128","texture":"tiles1.png","frame":{"x":0,"y":0},"type":"ground"},{"id":"tile158","texture":"tiles1.png","frame":{"x":0,"y":0},"type":"ground"},{"id":"tile188","texture":"tiles1.png","frame":{"x":0,"y":0},"type":"ground"},{"id":"tile218","texture":"tiles1.png","frame":{"x":0,"y":0},"type":"ground"},{"id":"tile248","texture":"tiles1.png","frame":{"x":0,"y":0},"type":"ground"},{"id":"tile278","texture":"tiles1.png","frame":{"x":0,"y":0},"type":"ground"},{"id":"tile308","texture":"tiles1.png","frame":{"x":0,"y":0},"type":"ground"},{"id":"tile338","texture":"tiles1.png","frame":{"x":0,"y":0},"type":"ground"},{"id":"tile368","texture":"tiles1.png","frame":{"x":0,"y":0},"type":"ground"},{"id":"tile398","texture":"tiles1.png","frame":{"x":0,"y":0},"type":"ground"},{"id":"tile428","texture":"tiles1.png","frame":{"x":0,"y":0},"type":"ground"},{"id":"tile458","texture":"tiles1.png","frame":{"x":0,"y":0},"type":"ground"},{"id":"tile488","texture":"tiles1.png","frame":{"x":0,"y":0},"type":"ground"},{"id":"tile518","texture":"tiles1.png","frame":{"x":0,"y":0},"type":"ground"},{"id":"tile548","texture":"tiles1.png","frame":{"x":0,"y":0},"type":"ground"},{"id":"tile578","texture":"tiles1.png","frame":{"x":0,"y":0},"type":"ground"},{"id":"tile9","texture":"tiles1.png","frame":{"x":0,"y":0},"type":"ground"},{"id":"tile39","texture":"tiles1.png","frame":{"x":0,"y":0},"type":"ground"},{"id":"tile69","texture":"tiles1.png","frame":{"x":0,"y":0},"type":"ground"},{"id":"tile99","texture":"tiles1.png","frame":{"x":0,"y":0},"type":"ground"},{"id":"tile129","texture":"tiles1.png","frame":{"x":0,"y":0},"type":"ground"},{"id":"tile159","texture":"tiles1.png","frame":{"x":0,"y":0},"type":"ground"},{"id":"tile219","texture":"tiles1.png","frame":{"x":0,"y":0},"type":"ground"},{"id":"tile249","texture":"tiles1.png","frame":{"x":0,"y":0},"type":"ground"},{"id":"tile279","texture":"tiles1.png","frame":{"x":0,"y":0},"type":"ground"},{"id":"tile309","texture":"tiles1.png","frame":{"x":0,"y":0},"type":"ground"},{"id":"tile339","texture":"tiles1.png","frame":{"x":0,"y":0},"type":"ground"},{"id":"tile369","texture":"tiles1.png","frame":{"x":0,"y":0},"type":"ground"},{"id":"tile399","texture":"tiles1.png","frame":{"x":0,"y":0},"type":"ground"},{"id":"tile429","texture":"tiles1.png","frame":{"x":0,"y":0},"type":"ground"},{"id":"tile459","texture":"tiles1.png","frame":{"x":0,"y":0},"type":"ground"},{"id":"tile489","texture":"tiles1.png","frame":{"x":0,"y":0},"type":"ground"},{"id":"tile519","texture":"tiles1.png","frame":{"x":0,"y":0},"type":"ground"},{"id":"tile549","texture":"tiles1.png","frame":{"x":0,"y":0},"type":"ground"},{"id":"tile579","texture":"tiles1.png","frame":{"x":0,"y":0},"type":"ground"},{"id":"tile10","texture":"tiles1.png","frame":{"x":0,"y":0},"type":"ground"},{"id":"tile40","texture":"tiles1.png","frame":{"x":0,"y":0},"type":"ground"},{"id":"tile70","texture":"tiles1.png","frame":{"x":0,"y":0},"type":"ground"},{"id":"tile100","texture":"tiles1.png","frame":{"x":0,"y":0},"type":"ground"},{"id":"tile130","texture":"tiles1.png","frame":{"x":0,"y":0},"type":"ground"},{"id":"tile160","texture":"tiles1.png","frame":{"x":0,"y":0},"type":"ground"},{"id":"tile190","texture":"tiles1.png","frame":{"x":0,"y":0},"type":"ground"},{"id":"tile220","texture":"tiles1.png","frame":{"x":0,"y":0},"type":"ground"},{"id":"tile250","texture":"tiles1.png","frame":{"x":0,"y":0},"type":"ground"},{"id":"tile280","texture":"tiles1.png","frame":{"x":0,"y":0},"type":"ground"},{"id":"tile310","texture":"tiles1.png","frame":{"x":0,"y":0},"type":"ground"},{"id":"tile340","texture":"tiles1.png","frame":{"x":0,"y":0},"type":"ground"},{"id":"tile370","texture":"tiles1.png","frame":{"x":0,"y":0},"type":"ground"},{"id":"tile400","texture":"tiles1.png","frame":{"x":0,"y":0},"type":"ground"},{"id":"tile430","texture":"tiles1.png","frame":{"x":0,"y":0},"type":"ground"},{"id":"tile460","texture":"tiles1.png","frame":{"x":0,"y":0},"type":"ground"},{"id":"tile490","texture":"tiles1.png","frame":{"x":0,"y":0},"type":"ground"},{"id":"tile520","texture":"tiles1.png","frame":{"x":0,"y":0},"type":"ground"},{"id":"tile550","texture":"tiles1.png","frame":{"x":0,"y":0},"type":"ground"},{"id":"tile580","texture":"tiles1.png","frame":{"x":0,"y":0},"type":"ground"},{"id":"tile11","texture":"tiles1.png","frame":{"x":0,"y":0},"type":"ground"},{"id":"tile41","texture":"tiles1.png","frame":{"x":0,"y":0},"type":"ground"},{"id":"tile71","texture":"tiles1.png","frame":{"x":0,"y":0},"type":"ground"},{"id":"tile101","texture":"tiles1.png","frame":{"x":0,"y":0},"type":"ground"},{"id":"tile131","texture":"tiles1.png","frame":{"x":0,"y":0},"type":"ground"},{"id":"tile161","texture":"tiles1.png","frame":{"x":0,"y":0},"type":"ground"},{"id":"tile191","texture":"tiles1.png","frame":{"x":0,"y":0},"type":"ground"},{"id":"tile221","texture":"tiles1.png","frame":{"x":0,"y":0},"type":"ground"},{"id":"tile251","texture":"tiles1.png","frame":{"x":0,"y":0},"type":"ground"},{"id":"tile281","texture":"tiles1.png","frame":{"x":0,"y":0},"type":"ground"},{"id":"tile311","texture":"tiles1.png","frame":{"x":0,"y":0},"type":"ground"},{"id":"tile341","texture":"tiles1.png","frame":{"x":0,"y":0},"type":"ground"},{"id":"tile371","texture":"tiles1.png","frame":{"x":0,"y":0},"type":"ground"},{"id":"tile401","texture":"tiles1.png","frame":{"x":0,"y":0},"type":"ground"},{"id":"tile431","texture":"tiles1.png","frame":{"x":0,"y":0},"type":"ground"},{"id":"tile461","texture":"tiles1.png","frame":{"x":0,"y":0},"type":"ground"},{"id":"tile491","texture":"tiles1.png","frame":{"x":0,"y":0},"type":"ground"},{"id":"tile521","texture":"tiles1.png","frame":{"x":0,"y":0},"type":"ground"},{"id":"tile551","texture":"tiles1.png","frame":{"x":0,"y":0},"type":"ground"},{"id":"tile581","texture":"tiles1.png","frame":{"x":0,"y":0},"type":"ground"},{"id":"tile12","texture":"tiles1.png","frame":{"x":0,"y":0},"type":"ground"},{"id":"tile42","texture":"tiles1.png","frame":{"x":0,"y":0},"type":"ground"},{"id":"tile72","texture":"tiles1.png","frame":{"x":0,"y":0},"type":"ground"},{"id":"tile102","texture":"tiles1.png","frame":{"x":0,"y":0},"type":"ground"},{"id":"tile132","texture":"tiles1.png","frame":{"x":0,"y":0},"type":"ground"},{"id":"tile162","texture":"tiles1.png","frame":{"x":0,"y":0},"type":"ground"},{"id":"tile192","texture":"tiles1.png","frame":{"x":0,"y":0},"type":"ground"},{"id":"tile222","texture":"tiles1.png","frame":{"x":0,"y":0},"type":"ground"},{"id":"tile252","texture":"tiles1.png","frame":{"x":0,"y":0},"type":"ground"},{"id":"tile282","texture":"tiles1.png","frame":{"x":0,"y":0},"type":"ground"},{"id":"tile312","texture":"tiles1.png","frame":{"x":0,"y":0},"type":"ground"},{"id":"tile342","texture":"tiles1.png","frame":{"x":0,"y":0},"type":"ground"},{"id":"tile372","texture":"tiles1.png","frame":{"x":0,"y":0},"type":"ground"},{"id":"tile402","texture":"tiles1.png","frame":{"x":0,"y":0},"type":"ground"},{"id":"tile432","texture":"tiles1.png","frame":{"x":0,"y":0},"type":"ground"},{"id":"tile462","texture":"tiles1.png","frame":{"x":0,"y":0},"type":"ground"},{"id":"tile492","texture":"tiles1.png","frame":{"x":0,"y":0},"type":"ground"},{"id":"tile522","texture":"tiles1.png","frame":{"x":0,"y":0},"type":"ground"},{"id":"tile552","texture":"tiles1.png","frame":{"x":0,"y":0},"type":"ground"},{"id":"tile582","texture":"tiles1.png","frame":{"x":0,"y":0},"type":"ground"},{"id":"tile13","texture":"tiles1.png","frame":{"x":0,"y":0},"type":"ground"},{"id":"tile43","texture":"tiles1.png","frame":{"x":0,"y":0},"type":"ground"},{"id":"tile103","texture":"tiles1.png","frame":{"x":0,"y":0},"type":"ground"},{"id":"tile133","texture":"tiles1.png","frame":{"x":0,"y":0},"type":"ground"},{"id":"tile163","texture":"tiles1.png","frame":{"x":0,"y":0},"type":"ground"},{"id":"tile193","texture":"tiles1.png","frame":{"x":0,"y":0},"type":"ground"},{"id":"tile223","texture":"tiles1.png","frame":{"x":0,"y":0},"type":"ground"},{"id":"tile253","texture":"tiles1.png","frame":{"x":0,"y":0},"type":"ground"},{"id":"tile283","texture":"tiles1.png","frame":{"x":0,"y":0},"type":"ground"},{"id":"tile313","texture":"tiles1.png","frame":{"x":0,"y":0},"type":"ground"},{"id":"tile343","texture":"tiles1.png","frame":{"x":0,"y":0},"type":"ground"},{"id":"tile373","texture":"tiles1.png","frame":{"x":0,"y":0},"type":"ground"},{"id":"tile403","texture":"tiles1.png","frame":{"x":0,"y":0},"type":"ground"},{"id":"tile433","texture":"tiles1.png","frame":{"x":0,"y":0},"type":"ground"},{"id":"tile463","texture":"tiles1.png","frame":{"x":0,"y":0},"type":"ground"},{"id":"tile493","texture":"tiles1.png","frame":{"x":0,"y":0},"type":"ground"},{"id":"tile523","texture":"tiles1.png","frame":{"x":0,"y":0},"type":"ground"},{"id":"tile553","texture":"tiles1.png","frame":{"x":0,"y":0},"type":"ground"},{"id":"tile583","texture":"tiles1.png","frame":{"x":0,"y":0},"type":"ground"},{"id":"tile14","texture":"tiles1.png","frame":{"x":0,"y":0},"type":"ground"},{"id":"tile44","texture":"tiles1.png","frame":{"x":0,"y":0},"type":"ground"},{"id":"tile74","texture":"tiles1.png","frame":{"x":0,"y":0},"type":"ground"},{"id":"tile104","texture":"tiles1.png","frame":{"x":0,"y":0},"type":"ground"},{"id":"tile134","texture":"tiles1.png","frame":{"x":0,"y":0},"type":"ground"},{"id":"tile164","texture":"tiles1.png","frame":{"x":0,"y":0},"type":"ground"},{"id":"tile194","texture":"tiles1.png","frame":{"x":0,"y":0},"type":"ground"},{"id":"tile254","texture":"tiles1.png","frame":{"x":0,"y":0},"type":"ground"},{"id":"tile284","texture":"tiles1.png","frame":{"x":0,"y":0},"type":"ground"},{"id":"tile314","texture":"tiles1.png","frame":{"x":0,"y":0},"type":"ground"},{"id":"tile344","texture":"tiles1.png","frame":{"x":0,"y":0},"type":"ground"},{"id":"tile374","texture":"tiles1.png","frame":{"x":0,"y":0},"type":"ground"},{"id":"tile404","texture":"tiles1.png","frame":{"x":0,"y":0},"type":"ground"},{"id":"tile434","texture":"tiles1.png","frame":{"x":0,"y":0},"type":"ground"},{"id":"tile464","texture":"tiles1.png","frame":{"x":0,"y":0},"type":"ground"},{"id":"tile494","texture":"tiles1.png","frame":{"x":0,"y":0},"type":"ground"},{"id":"tile524","texture":"tiles1.png","frame":{"x":0,"y":0},"type":"ground"},{"id":"tile554","texture":"tiles1.png","frame":{"x":0,"y":0},"type":"ground"},{"id":"tile584","texture":"tiles1.png","frame":{"x":0,"y":0},"type":"ground"},{"id":"tile15","texture":"tiles1.png","frame":{"x":0,"y":0},"type":"ground"},{"id":"tile45","texture":"tiles1.png","frame":{"x":0,"y":0},"type":"ground"},{"id":"tile75","texture":"tiles1.png","frame":{"x":0,"y":0},"type":"ground"},{"id":"tile105","texture":"tiles1.png","frame":{"x":0,"y":0},"type":"ground"},{"id":"tile135","texture":"tiles1.png","frame":{"x":0,"y":0},"type":"ground"},{"id":"tile165","texture":"tiles1.png","frame":{"x":0,"y":0},"type":"ground"},{"id":"tile195","texture":"tiles1.png","frame":{"x":0,"y":0},"type":"ground"},{"id":"tile225","texture":"tiles1.png","frame":{"x":0,"y":0},"type":"ground"},{"id":"tile255","texture":"tiles1.png","frame":{"x":0,"y":0},"type":"ground"},{"id":"tile285","texture":"tiles1.png","frame":{"x":0,"y":0},"type":"ground"},{"id":"tile315","texture":"tiles1.png","frame":{"x":0,"y":0},"type":"ground"},{"id":"tile345","texture":"tiles1.png","frame":{"x":0,"y":0},"type":"ground"},{"id":"tile375","texture":"tiles1.png","frame":{"x":0,"y":0},"type":"ground"},{"id":"tile405","texture":"tiles1.png","frame":{"x":0,"y":0},"type":"ground"},{"id":"tile435","texture":"tiles1.png","frame":{"x":0,"y":0},"type":"ground"},{"id":"tile465","texture":"tiles1.png","frame":{"x":0,"y":0},"type":"ground"},{"id":"tile495","texture":"tiles1.png","frame":{"x":0,"y":0},"type":"ground"},{"id":"tile525","texture":"tiles1.png","frame":{"x":0,"y":0},"type":"ground"},{"id":"tile555","texture":"tiles1.png","frame":{"x":0,"y":0},"type":"ground"},{"id":"tile585","texture":"tiles1.png","frame":{"x":0,"y":0},"type":"ground"},{"id":"tile16","texture":"tiles1.png","frame":{"x":0,"y":0},"type":"ground"},{"id":"tile46","texture":"tiles1.png","frame":{"x":0,"y":0},"type":"ground"},{"id":"tile76","texture":"tiles1.png","frame":{"x":0,"y":0},"type":"ground"},{"id":"tile106","texture":"tiles1.png","frame":{"x":0,"y":0},"type":"ground"},{"id":"tile136","texture":"tiles1.png","frame":{"x":0,"y":0},"type":"ground"},{"id":"tile166","texture":"tiles1.png","frame":{"x":0,"y":0},"type":"ground"},{"id":"tile196","texture":"tiles1.png","frame":{"x":0,"y":0},"type":"ground"},{"id":"tile226","texture":"tiles1.png","frame":{"x":0,"y":0},"type":"ground"},{"id":"tile256","texture":"tiles1.png","frame":{"x":0,"y":0},"type":"ground"},{"id":"tile286","texture":"tiles1.png","frame":{"x":0,"y":0},"type":"ground"},{"id":"tile316","texture":"tiles1.png","frame":{"x":0,"y":0},"type":"ground"},{"id":"tile346","texture":"tiles1.png","frame":{"x":0,"y":0},"type":"ground"},{"id":"tile376","texture":"tiles1.png","frame":{"x":0,"y":0},"type":"ground"},{"id":"tile406","texture":"tiles1.png","frame":{"x":0,"y":0},"type":"ground"},{"id":"tile436","texture":"tiles1.png","frame":{"x":0,"y":0},"type":"ground"},{"id":"tile466","texture":"tiles1.png","frame":{"x":0,"y":0},"type":"ground"},{"id":"tile496","texture":"tiles1.png","frame":{"x":0,"y":0},"type":"ground"},{"id":"tile526","texture":"tiles1.png","frame":{"x":0,"y":0},"type":"ground"},{"id":"tile556","texture":"tiles1.png","frame":{"x":0,"y":0},"type":"ground"},{"id":"tile586","texture":"tiles1.png","frame":{"x":0,"y":0},"type":"ground"},{"id":"tile17","texture":"tiles1.png","frame":{"x":0,"y":0},"type":"ground"},{"id":"tile47","texture":"tiles1.png","frame":{"x":0,"y":0},"type":"ground"},{"id":"tile77","texture":"tiles1.png","frame":{"x":0,"y":0},"type":"ground"},{"id":"tile107","texture":"tiles1.png","frame":{"x":0,"y":0},"type":"ground"},{"id":"tile137","texture":"tiles1.png","frame":{"x":0,"y":0},"type":"ground"},{"id":"tile167","texture":"tiles1.png","frame":{"x":0,"y":0},"type":"ground"},{"id":"tile197","texture":"tiles1.png","frame":{"x":0,"y":0},"type":"ground"},{"id":"tile227","texture":"tiles1.png","frame":{"x":0,"y":0},"type":"ground"},{"id":"tile257","texture":"tiles1.png","frame":{"x":0,"y":0},"type":"ground"},{"id":"tile287","texture":"tiles1.png","frame":{"x":0,"y":0},"type":"ground"},{"id":"tile317","texture":"tiles1.png","frame":{"x":0,"y":0},"type":"ground"},{"id":"tile377","texture":"tiles1.png","frame":{"x":0,"y":0},"type":"ground"},{"id":"tile407","texture":"tiles1.png","frame":{"x":0,"y":0},"type":"ground"},{"id":"tile437","texture":"tiles1.png","frame":{"x":0,"y":0},"type":"ground"},{"id":"tile467","texture":"tiles1.png","frame":{"x":0,"y":0},"type":"ground"},{"id":"tile497","texture":"tiles1.png","frame":{"x":0,"y":0},"type":"ground"},{"id":"tile527","texture":"tiles1.png","frame":{"x":0,"y":0},"type":"ground"},{"id":"tile557","texture":"tiles1.png","frame":{"x":0,"y":0},"type":"ground"},{"id":"tile587","texture":"tiles1.png","frame":{"x":0,"y":0},"type":"ground"},{"id":"tile18","texture":"tiles1.png","frame":{"x":0,"y":0},"type":"ground"},{"id":"tile48","texture":"tiles1.png","frame":{"x":0,"y":0},"type":"ground"},{"id":"tile78","texture":"tiles1.png","frame":{"x":0,"y":0},"type":"ground"},{"id":"tile108","texture":"tiles1.png","frame":{"x":0,"y":0},"type":"ground"},{"id":"tile138","texture":"tiles1.png","frame":{"x":0,"y":0},"type":"ground"},{"id":"tile168","texture":"tiles1.png","frame":{"x":0,"y":0},"type":"ground"},{"id":"tile198","texture":"tiles1.png","frame":{"x":0,"y":0},"type":"ground"},{"id":"tile228","texture":"tiles1.png","frame":{"x":0,"y":0},"type":"ground"},{"id":"tile258","texture":"tiles1.png","frame":{"x":0,"y":0},"type":"ground"},{"id":"tile288","texture":"tiles1.png","frame":{"x":0,"y":0},"type":"ground"},{"id":"tile318","texture":"tiles1.png","frame":{"x":0,"y":0},"type":"ground"},{"id":"tile348","texture":"tiles1.png","frame":{"x":0,"y":0},"type":"ground"},{"id":"tile378","texture":"tiles1.png","frame":{"x":0,"y":0},"type":"ground"},{"id":"tile408","texture":"tiles1.png","frame":{"x":0,"y":0},"type":"ground"},{"id":"tile438","texture":"tiles1.png","frame":{"x":0,"y":0},"type":"ground"},{"id":"tile468","texture":"tiles1.png","frame":{"x":0,"y":0},"type":"ground"},{"id":"tile498","texture":"tiles1.png","frame":{"x":0,"y":0},"type":"ground"},{"id":"tile528","texture":"tiles1.png","frame":{"x":0,"y":0},"type":"ground"},{"id":"tile558","texture":"tiles1.png","frame":{"x":0,"y":0},"type":"ground"},{"id":"tile588","texture":"tiles1.png","frame":{"x":0,"y":0},"type":"ground"},{"id":"tile19","texture":"tiles1.png","frame":{"x":0,"y":0},"type":"ground"},{"id":"tile49","texture":"tiles1.png","frame":{"x":0,"y":0},"type":"ground"},{"id":"tile79","texture":"tiles1.png","frame":{"x":0,"y":0},"type":"ground"},{"id":"tile109","texture":"tiles1.png","frame":{"x":0,"y":0},"type":"ground"},{"id":"tile139","texture":"tiles1.png","frame":{"x":0,"y":0},"type":"ground"},{"id":"tile169","texture":"tiles1.png","frame":{"x":0,"y":0},"type":"ground"},{"id":"tile199","texture":"tiles1.png","frame":{"x":0,"y":0},"type":"ground"},{"id":"tile229","texture":"tiles1.png","frame":{"x":0,"y":0},"type":"ground"},{"id":"tile259","texture":"tiles1.png","frame":{"x":0,"y":0},"type":"ground"},{"id":"tile289","texture":"tiles1.png","frame":{"x":0,"y":0},"type":"ground"},{"id":"tile319","texture":"tiles1.png","frame":{"x":0,"y":0},"type":"ground"},{"id":"tile349","texture":"tiles1.png","frame":{"x":0,"y":0},"type":"ground"},{"id":"tile379","texture":"tiles1.png","frame":{"x":0,"y":0},"type":"ground"},{"id":"tile409","texture":"tiles1.png","frame":{"x":0,"y":0},"type":"ground"},{"id":"tile439","texture":"tiles1.png","frame":{"x":0,"y":0},"type":"ground"},{"id":"tile469","texture":"tiles1.png","frame":{"x":0,"y":0},"type":"ground"},{"id":"tile499","texture":"tiles1.png","frame":{"x":0,"y":0},"type":"ground"},{"id":"tile529","texture":"tiles1.png","frame":{"x":0,"y":0},"type":"ground"},{"id":"tile559","texture":"tiles1.png","frame":{"x":0,"y":0},"type":"ground"},{"id":"tile589","texture":"tiles1.png","frame":{"x":0,"y":0},"type":"ground"},{"id":"tile20","texture":"tiles1.png","frame":{"x":0,"y":0},"type":"ground"},{"id":"tile50","texture":"tiles1.png","frame":{"x":0,"y":0},"type":"ground"},{"id":"tile80","texture":"tiles1.png","frame":{"x":0,"y":0},"type":"ground"},{"id":"tile110","texture":"tiles1.png","frame":{"x":0,"y":0},"type":"ground"},{"id":"tile140","texture":"tiles1.png","frame":{"x":0,"y":0},"type":"ground"},{"id":"tile170","texture":"tiles1.png","frame":{"x":0,"y":0},"type":"ground"},{"id":"tile200","texture":"tiles1.png","frame":{"x":0,"y":0},"type":"ground"},{"id":"tile230","texture":"tiles1.png","frame":{"x":0,"y":0},"type":"ground"},{"id":"tile260","texture":"tiles1.png","frame":{"x":0,"y":0},"type":"ground"},{"id":"tile290","texture":"tiles1.png","frame":{"x":0,"y":0},"type":"ground"},{"id":"tile320","texture":"tiles1.png","frame":{"x":0,"y":0},"type":"ground"},{"id":"tile350","texture":"tiles1.png","frame":{"x":0,"y":0},"type":"ground"},{"id":"tile380","texture":"tiles1.png","frame":{"x":0,"y":0},"type":"ground"},{"id":"tile410","texture":"tiles1.png","frame":{"x":0,"y":0},"type":"ground"},{"id":"tile440","texture":"tiles1.png","frame":{"x":0,"y":0},"type":"ground"},{"id":"tile470","texture":"tiles1.png","frame":{"x":0,"y":0},"type":"ground"},{"id":"tile500","texture":"tiles1.png","frame":{"x":0,"y":0},"type":"ground"},{"id":"tile530","texture":"tiles1.png","frame":{"x":0,"y":0},"type":"ground"},{"id":"tile560","texture":"tiles1.png","frame":{"x":0,"y":0},"type":"ground"},{"id":"tile590","texture":"tiles1.png","frame":{"x":0,"y":0},"type":"ground"},{"id":"tile21","texture":"tiles1.png","frame":{"x":0,"y":0},"type":"ground"},{"id":"tile51","texture":"tiles1.png","frame":{"x":0,"y":0},"type":"ground"},{"id":"tile81","texture":"tiles1.png","frame":{"x":0,"y":0},"type":"ground"},{"id":"tile111","texture":"tiles1.png","frame":{"x":0,"y":0},"type":"ground"},{"id":"tile141","texture":"tiles1.png","frame":{"x":0,"y":0},"type":"ground"},{"id":"tile171","texture":"tiles1.png","frame":{"x":0,"y":0},"type":"ground"},{"id":"tile201","texture":"tiles1.png","frame":{"x":0,"y":0},"type":"ground"},{"id":"tile231","texture":"tiles1.png","frame":{"x":0,"y":0},"type":"ground"},{"id":"tile261","texture":"tiles1.png","frame":{"x":0,"y":0},"type":"ground"},{"id":"tile291","texture":"tiles1.png","frame":{"x":0,"y":0},"type":"ground"},{"id":"tile321","texture":"tiles1.png","frame":{"x":0,"y":0},"type":"ground"},{"id":"tile351","texture":"tiles1.png","frame":{"x":0,"y":0},"type":"ground"},{"id":"tile381","texture":"tiles1.png","frame":{"x":0,"y":0},"type":"ground"},{"id":"tile411","texture":"tiles1.png","frame":{"x":0,"y":0},"type":"ground"},{"id":"tile441","texture":"tiles1.png","frame":{"x":0,"y":0},"type":"ground"},{"id":"tile471","texture":"tiles1.png","frame":{"x":0,"y":0},"type":"ground"},{"id":"tile501","texture":"tiles1.png","frame":{"x":0,"y":0},"type":"ground"},{"id":"tile531","texture":"tiles1.png","frame":{"x":0,"y":0},"type":"ground"},{"id":"tile561","texture":"tiles1.png","frame":{"x":0,"y":0},"type":"ground"},{"id":"tile591","texture":"tiles1.png","frame":{"x":0,"y":0},"type":"ground"},{"id":"tile22","texture":"tiles1.png","frame":{"x":0,"y":0},"type":"ground"},{"id":"tile52","texture":"tiles1.png","frame":{"x":0,"y":0},"type":"ground"},{"id":"tile82","texture":"tiles1.png","frame":{"x":0,"y":0},"type":"ground"},{"id":"tile112","texture":"tiles1.png","frame":{"x":0,"y":0},"type":"ground"},{"id":"tile142","texture":"tiles1.png","frame":{"x":0,"y":0},"type":"ground"},{"id":"tile172","texture":"tiles1.png","frame":{"x":0,"y":0},"type":"ground"},{"id":"tile232","texture":"tiles1.png","frame":{"x":0,"y":0},"type":"ground"},{"id":"tile262","texture":"tiles1.png","frame":{"x":0,"y":0},"type":"ground"},{"id":"tile292","texture":"tiles1.png","frame":{"x":0,"y":0},"type":"ground"},{"id":"tile322","texture":"tiles1.png","frame":{"x":0,"y":0},"type":"ground"},{"id":"tile352","texture":"tiles1.png","frame":{"x":0,"y":0},"type":"ground"},{"id":"tile382","texture":"tiles1.png","frame":{"x":0,"y":0},"type":"ground"},{"id":"tile412","texture":"tiles1.png","frame":{"x":0,"y":0},"type":"ground"},{"id":"tile442","texture":"tiles1.png","frame":{"x":0,"y":0},"type":"ground"},{"id":"tile472","texture":"tiles1.png","frame":{"x":0,"y":0},"type":"ground"},{"id":"tile502","texture":"tiles1.png","frame":{"x":0,"y":0},"type":"ground"},{"id":"tile532","texture":"tiles1.png","frame":{"x":0,"y":0},"type":"ground"},{"id":"tile562","texture":"tiles1.png","frame":{"x":0,"y":0},"type":"ground"},{"id":"tile592","texture":"tiles1.png","frame":{"x":0,"y":0},"type":"ground"},{"id":"tile23","texture":"tiles1.png","frame":{"x":0,"y":0},"type":"ground"},{"id":"tile53","texture":"tiles1.png","frame":{"x":0,"y":0},"type":"ground"},{"id":"tile83","texture":"tiles1.png","frame":{"x":0,"y":0},"type":"ground"},{"id":"tile113","texture":"tiles1.png","frame":{"x":0,"y":0},"type":"ground"},{"id":"tile143","texture":"tiles1.png","frame":{"x":0,"y":0},"type":"ground"},{"id":"tile173","texture":"tiles1.png","frame":{"x":0,"y":0},"type":"ground"},{"id":"tile203","texture":"tiles1.png","frame":{"x":0,"y":0},"type":"ground"},{"id":"tile233","texture":"tiles1.png","frame":{"x":0,"y":0},"type":"ground"},{"id":"tile263","texture":"tiles1.png","frame":{"x":0,"y":0},"type":"ground"},{"id":"tile293","texture":"tiles1.png","frame":{"x":0,"y":0},"type":"ground"},{"id":"tile323","texture":"tiles1.png","frame":{"x":0,"y":0},"type":"ground"},{"id":"tile353","texture":"tiles1.png","frame":{"x":0,"y":0},"type":"ground"},{"id":"tile383","texture":"tiles1.png","frame":{"x":0,"y":0},"type":"ground"},{"id":"tile413","texture":"tiles1.png","frame":{"x":0,"y":0},"type":"ground"},{"id":"tile443","texture":"tiles1.png","frame":{"x":0,"y":0},"type":"ground"},{"id":"tile473","texture":"tiles1.png","frame":{"x":0,"y":0},"type":"ground"},{"id":"tile503","texture":"tiles1.png","frame":{"x":0,"y":0},"type":"ground"},{"id":"tile533","texture":"tiles1.png","frame":{"x":0,"y":0},"type":"ground"},{"id":"tile563","texture":"tiles1.png","frame":{"x":0,"y":0},"type":"ground"},{"id":"tile593","texture":"tiles1.png","frame":{"x":0,"y":0},"type":"ground"},{"id":"tile24","texture":"tiles1.png","frame":{"x":0,"y":0},"type":"ground"},{"id":"tile54","texture":"tiles1.png","frame":{"x":0,"y":0},"type":"ground"},{"id":"tile84","texture":"tiles1.png","frame":{"x":0,"y":0},"type":"ground"},{"id":"tile114","texture":"tiles1.png","frame":{"x":0,"y":0},"type":"ground"},{"id":"tile144","texture":"tiles1.png","frame":{"x":0,"y":0},"type":"ground"},{"id":"tile174","texture":"tiles1.png","frame":{"x":0,"y":0},"type":"ground"},{"id":"tile204","texture":"tiles1.png","frame":{"x":0,"y":0},"type":"ground"},{"id":"tile234","texture":"tiles1.png","frame":{"x":0,"y":0},"type":"ground"},{"id":"tile264","texture":"tiles1.png","frame":{"x":0,"y":0},"type":"ground"},{"id":"tile294","texture":"tiles1.png","frame":{"x":0,"y":0},"type":"ground"},{"id":"tile324","texture":"tiles1.png","frame":{"x":0,"y":0},"type":"ground"},{"id":"tile354","texture":"tiles1.png","frame":{"x":0,"y":0},"type":"ground"},{"id":"tile384","texture":"tiles1.png","frame":{"x":0,"y":0},"type":"ground"},{"id":"tile414","texture":"tiles1.png","frame":{"x":0,"y":0},"type":"ground"},{"id":"tile444","texture":"tiles1.png","frame":{"x":0,"y":0},"type":"ground"},{"id":"tile474","texture":"tiles1.png","frame":{"x":0,"y":0},"type":"ground"},{"id":"tile504","texture":"tiles1.png","frame":{"x":0,"y":0},"type":"ground"},{"id":"tile534","texture":"tiles1.png","frame":{"x":0,"y":0},"type":"ground"},{"id":"tile564","texture":"tiles1.png","frame":{"x":0,"y":0},"type":"ground"},{"id":"tile594","texture":"tiles1.png","frame":{"x":0,"y":0},"type":"ground"},{"id":"tile25","texture":"tiles1.png","frame":{"x":0,"y":0},"type":"ground"},{"id":"tile55","texture":"tiles1.png","frame":{"x":0,"y":0},"type":"ground"},{"id":"tile85","texture":"tiles1.png","frame":{"x":0,"y":0},"type":"ground"},{"id":"tile115","texture":"tiles1.png","frame":{"x":0,"y":0},"type":"ground"},{"id":"tile145","texture":"tiles1.png","frame":{"x":0,"y":0},"type":"ground"},{"id":"tile175","texture":"tiles1.png","frame":{"x":0,"y":0},"type":"ground"},{"id":"tile205","texture":"tiles1.png","frame":{"x":0,"y":0},"type":"ground"},{"id":"tile235","texture":"tiles1.png","frame":{"x":0,"y":0},"type":"ground"},{"id":"tile265","texture":"tiles1.png","frame":{"x":0,"y":0},"type":"ground"},{"id":"tile295","texture":"tiles1.png","frame":{"x":0,"y":0},"type":"ground"},{"id":"tile325","texture":"tiles1.png","frame":{"x":0,"y":0},"type":"ground"},{"id":"tile355","texture":"tiles1.png","frame":{"x":0,"y":0},"type":"ground"},{"id":"tile385","texture":"tiles1.png","frame":{"x":0,"y":0},"type":"ground"},{"id":"tile415","texture":"tiles1.png","frame":{"x":0,"y":0},"type":"ground"},{"id":"tile445","texture":"tiles1.png","frame":{"x":0,"y":0},"type":"ground"},{"id":"tile475","texture":"tiles1.png","frame":{"x":0,"y":0},"type":"ground"},{"id":"tile505","texture":"tiles1.png","frame":{"x":0,"y":0},"type":"ground"},{"id":"tile535","texture":"tiles1.png","frame":{"x":0,"y":0},"type":"ground"},{"id":"tile565","texture":"tiles1.png","frame":{"x":0,"y":0},"type":"ground"},{"id":"tile595","texture":"tiles1.png","frame":{"x":0,"y":0},"type":"ground"},{"id":"tile26","texture":"tiles1.png","frame":{"x":0,"y":0},"type":"ground"},{"id":"tile56","texture":"tiles1.png","frame":{"x":0,"y":0},"type":"ground"},{"id":"tile86","texture":"tiles1.png","frame":{"x":0,"y":0},"type":"ground"},{"id":"tile116","texture":"tiles1.png","frame":{"x":0,"y":0},"type":"ground"},{"id":"tile146","texture":"tiles1.png","frame":{"x":0,"y":0},"type":"ground"},{"id":"tile176","texture":"tiles1.png","frame":{"x":0,"y":0},"type":"ground"},{"id":"tile206","texture":"tiles1.png","frame":{"x":0,"y":0},"type":"ground"},{"id":"tile236","texture":"tiles1.png","frame":{"x":0,"y":0},"type":"ground"},{"id":"tile266","texture":"tiles1.png","frame":{"x":0,"y":0},"type":"ground"},{"id":"tile296","texture":"tiles1.png","frame":{"x":0,"y":0},"type":"ground"},{"id":"tile326","texture":"tiles1.png","frame":{"x":0,"y":0},"type":"ground"},{"id":"tile356","texture":"tiles1.png","frame":{"x":0,"y":0},"type":"ground"},{"id":"tile386","texture":"tiles1.png","frame":{"x":0,"y":0},"type":"ground"},{"id":"tile416","texture":"tiles1.png","frame":{"x":0,"y":0},"type":"ground"},{"id":"tile446","texture":"tiles1.png","frame":{"x":0,"y":0},"type":"ground"},{"id":"tile476","texture":"tiles1.png","frame":{"x":0,"y":0},"type":"ground"},{"id":"tile506","texture":"tiles1.png","frame":{"x":0,"y":0},"type":"ground"},{"id":"tile536","texture":"tiles1.png","frame":{"x":0,"y":0},"type":"ground"},{"id":"tile566","texture":"tiles1.png","frame":{"x":0,"y":0},"type":"ground"},{"id":"tile596","texture":"tiles1.png","frame":{"x":0,"y":0},"type":"ground"},{"id":"tile27","texture":"tiles1.png","frame":{"x":0,"y":0},"type":"ground"},{"id":"tile57","texture":"tiles1.png","frame":{"x":0,"y":0},"type":"ground"},{"id":"tile87","texture":"tiles1.png","frame":{"x":0,"y":0},"type":"ground"},{"id":"tile117","texture":"tiles1.png","frame":{"x":0,"y":0},"type":"ground"},{"id":"tile147","texture":"tiles1.png","frame":{"x":0,"y":0},"type":"ground"},{"id":"tile177","texture":"tiles1.png","frame":{"x":0,"y":0},"type":"ground"},{"id":"tile207","texture":"tiles1.png","frame":{"x":0,"y":0},"type":"ground"},{"id":"tile237","texture":"tiles1.png","frame":{"x":0,"y":0},"type":"ground"},{"id":"tile267","texture":"tiles1.png","frame":{"x":0,"y":0},"type":"ground"},{"id":"tile297","texture":"tiles1.png","frame":{"x":0,"y":0},"type":"ground"},{"id":"tile327","texture":"tiles1.png","frame":{"x":0,"y":0},"type":"ground"},{"id":"tile357","texture":"tiles1.png","frame":{"x":0,"y":0},"type":"ground"},{"id":"tile387","texture":"tiles1.png","frame":{"x":0,"y":0},"type":"ground"},{"id":"tile417","texture":"tiles1.png","frame":{"x":0,"y":0},"type":"ground"},{"id":"tile447","texture":"tiles1.png","frame":{"x":0,"y":0},"type":"ground"},{"id":"tile477","texture":"tiles1.png","frame":{"x":0,"y":0},"type":"ground"},{"id":"tile507","texture":"tiles1.png","frame":{"x":0,"y":0},"type":"ground"},{"id":"tile537","texture":"tiles1.png","frame":{"x":0,"y":0},"type":"ground"},{"id":"tile567","texture":"tiles1.png","frame":{"x":0,"y":0},"type":"ground"},{"id":"tile597","texture":"tiles1.png","frame":{"x":0,"y":0},"type":"ground"},{"id":"tile28","texture":"tiles1.png","frame":{"x":0,"y":0},"type":"ground"},{"id":"tile58","texture":"tiles1.png","frame":{"x":0,"y":0},"type":"ground"},{"id":"tile88","texture":"tiles1.png","frame":{"x":0,"y":0},"type":"ground"},{"id":"tile118","texture":"tiles1.png","frame":{"x":0,"y":0},"type":"ground"},{"id":"tile148","texture":"tiles1.png","frame":{"x":0,"y":0},"type":"ground"},{"id":"tile178","texture":"tiles1.png","frame":{"x":0,"y":0},"type":"ground"},{"id":"tile208","texture":"tiles1.png","frame":{"x":0,"y":0},"type":"ground"},{"id":"tile238","texture":"tiles1.png","frame":{"x":0,"y":0},"type":"ground"},{"id":"tile268","texture":"tiles1.png","frame":{"x":0,"y":0},"type":"ground"},{"id":"tile298","texture":"tiles1.png","frame":{"x":0,"y":0},"type":"ground"},{"id":"tile328","texture":"tiles1.png","frame":{"x":0,"y":0},"type":"ground"},{"id":"tile358","texture":"tiles1.png","frame":{"x":0,"y":0},"type":"ground"},{"id":"tile388","texture":"tiles1.png","frame":{"x":0,"y":0},"type":"ground"},{"id":"tile418","texture":"tiles1.png","frame":{"x":0,"y":0},"type":"ground"},{"id":"tile448","texture":"tiles1.png","frame":{"x":0,"y":0},"type":"ground"},{"id":"tile478","texture":"tiles1.png","frame":{"x":0,"y":0},"type":"ground"},{"id":"tile508","texture":"tiles1.png","frame":{"x":0,"y":0},"type":"ground"},{"id":"tile538","texture":"tiles1.png","frame":{"x":0,"y":0},"type":"ground"},{"id":"tile568","texture":"tiles1.png","frame":{"x":0,"y":0},"type":"ground"},{"id":"tile598","texture":"tiles1.png","frame":{"x":0,"y":0},"type":"ground"},{"id":"tile29","texture":"tiles1.png","frame":{"x":0,"y":0},"type":"ground"},{"id":"tile59","texture":"tiles1.png","frame":{"x":0,"y":0},"type":"ground"},{"id":"tile89","texture":"tiles1.png","frame":{"x":0,"y":0},"type":"ground"},{"id":"tile119","texture":"tiles1.png","frame":{"x":0,"y":0},"type":"ground"},{"id":"tile149","texture":"tiles1.png","frame":{"x":0,"y":0},"type":"ground"},{"id":"tile179","texture":"tiles1.png","frame":{"x":0,"y":0},"type":"ground"},{"id":"tile209","texture":"tiles1.png","frame":{"x":0,"y":0},"type":"ground"},{"id":"tile239","texture":"tiles1.png","frame":{"x":0,"y":0},"type":"ground"},{"id":"tile269","texture":"tiles1.png","frame":{"x":0,"y":0},"type":"ground"},{"id":"tile299","texture":"tiles1.png","frame":{"x":0,"y":0},"type":"ground"},{"id":"tile329","texture":"tiles1.png","frame":{"x":0,"y":0},"type":"ground"},{"id":"tile359","texture":"tiles1.png","frame":{"x":0,"y":0},"type":"ground"},{"id":"tile389","texture":"tiles1.png","frame":{"x":0,"y":0},"type":"ground"},{"id":"tile419","texture":"tiles1.png","frame":{"x":0,"y":0},"type":"ground"},{"id":"tile449","texture":"tiles1.png","frame":{"x":0,"y":0},"type":"ground"},{"id":"tile479","texture":"tiles1.png","frame":{"x":0,"y":0},"type":"ground"},{"id":"tile509","texture":"tiles1.png","frame":{"x":0,"y":0},"type":"ground"},{"id":"tile539","texture":"tiles1.png","frame":{"x":0,"y":0},"type":"ground"},{"id":"tile569","texture":"tiles1.png","frame":{"x":0,"y":0},"type":"ground"},{"id":"tile599","texture":"tiles1.png","frame":{"x":0,"y":0},"type":"ground"},{"id":"tile94","texture":"tiles1.png","frame":{"x":4,"y":2},"type":"ground"},{"id":"tile123","texture":"tiles1.png","frame":{"x":4,"y":2},"type":"ground"},{"id":"tile152","texture":"tiles1.png","frame":{"x":4,"y":2},"type":"ground"},{"id":"tile243","texture":"tiles1.png","frame":{"x":4,"y":2},"type":"ground"},{"id":"tile304","texture":"tiles1.png","frame":{"x":4,"y":2},"type":"ground"},{"id":"tile512","texture":"tiles1.png","frame":{"x":4,"y":2},"type":"ground"},{"id":"tile547","texture":"tiles1.png","frame":{"x":4,"y":2},"type":"ground"},{"id":"tile396","texture":"tiles1.png","frame":{"x":4,"y":2},"type":"ground"},{"id":"tile366","texture":"tiles1.png","frame":{"x":4,"y":2},"type":"ground"},{"id":"tile278","texture":"tiles1.png","frame":{"x":4,"y":2},"type":"ground"},{"id":"tile133","texture":"tiles1.png","frame":{"x":4,"y":2},"type":"ground"},{"id":"tile72","texture":"tiles1.png","frame":{"x":4,"y":2},"type":"ground"},{"id":"tile223","texture":"tiles1.png","frame":{"x":4,"y":2},"type":"ground"},{"id":"tile253","texture":"tiles1.png","frame":{"x":4,"y":2},"type":"ground"},{"id":"tile313","texture":"tiles1.png","frame":{"x":4,"y":2},"type":"ground"},{"id":"tile433","texture":"tiles1.png","frame":{"x":4,"y":2},"type":"ground"},{"id":"tile495","texture":"tiles1.png","frame":{"x":4,"y":2},"type":"ground"},{"id":"tile496","texture":"tiles1.png","frame":{"x":4,"y":2},"type":"ground"},{"id":"tile531","texture":"tiles1.png","frame":{"x":4,"y":2},"type":"ground"},{"id":"tile386","texture":"tiles1.png","frame":{"x":4,"y":2},"type":"ground"},{"id":"tile232","texture":"tiles1.png","frame":{"x":4,"y":2},"type":"ground"},{"id":"tile144","texture":"tiles1.png","frame":{"x":4,"y":2},"type":"ground"},{"id":"tile115","texture":"tiles1.png","frame":{"x":4,"y":2},"type":"ground"},{"id":"tile52","texture":"tiles1.png","frame":{"x":4,"y":2},"type":"ground"},{"id":"tile82","texture":"tiles1.png","frame":{"x":4,"y":2},"type":"ground"},{"id":"tile536","texture":"tiles1.png","frame":{"x":2,"y":1},"type":"ground"},{"id":"tile418","texture":"tiles1.png","frame":{"x":2,"y":1},"type":"ground"},{"id":"tile325","texture":"tiles1.png","frame":{"x":2,"y":1},"type":"ground"},{"id":"tile322","texture":"tiles1.png","frame":{"x":2,"y":1},"type":"ground"},{"id":"tile323","texture":"tiles1.png","frame":{"x":2,"y":1},"type":"ground"},{"id":"tile292","texture":"tiles1.png","frame":{"x":2,"y":1},"type":"ground"},{"id":"tile234","texture":"tiles1.png","frame":{"x":2,"y":1},"type":"ground"},{"id":"tile118","texture":"tiles1.png","frame":{"x":2,"y":1},"type":"ground"},{"id":"tile395","texture":"tiles1.png","frame":{"x":2,"y":1},"type":"ground"},{"id":"tile365","texture":"tiles1.png","frame":{"x":2,"y":1},"type":"ground"},{"id":"tile100","texture":"tiles1.png","frame":{"x":2,"y":1},"type":"ground"},{"id":"tile99","texture":"tiles1.png","frame":{"x":2,"y":1},"type":"ground"},{"id":"tile98","texture":"tiles1.png","frame":{"x":2,"y":1},"type":"ground"},{"id":"tile466","texture":"tiles1.png","frame":{"x":2,"y":1},"type":"ground"},{"id":"tile408","texture":"tiles1.png","frame":{"x":2,"y":1},"type":"ground"},{"id":"tile470","texture":"tiles1.png","frame":{"x":2,"y":1},"type":"ground"},{"id":"tile530","texture":"tiles1.png","frame":{"x":2,"y":1},"type":"ground"},{"id":"tile429","texture":"tiles1.png","frame":{"x":2,"y":1},"type":"ground"},{"id":"tile428","texture":"tiles1.png","frame":{"x":2,"y":1},"type":"ground"},{"id":"tile427","texture":"tiles1.png","frame":{"x":2,"y":1},"type":"ground"},{"id":"tile426","texture":"tiles1.png","frame":{"x":2,"y":1},"type":"ground"},{"id":"tile188","texture":"tiles1.png","frame":{"x":1,"y":7},"type":"ground"},{"id":"tile187","texture":"tiles1.png","frame":{"x":1,"y":7},"type":"ground"},{"id":"tile186","texture":"tiles1.png","frame":{"x":4,"y":6},"type":"ground"},{"id":"tile216","texture":"tiles1.png","frame":{"x":2,"y":6},"type":"ground"},{"id":"tile246","texture":"tiles1.png","frame":{"x":2,"y":6},"type":"ground"},{"id":"tile276","texture":"tiles1.png","frame":{"x":2,"y":6},"type":"ground"},{"id":"tile306","texture":"tiles1.png","frame":{"x":2,"y":6},"type":"ground"},{"id":"tile335","texture":"tiles1.png","frame":{"x":0,"y":0},"type":"ground"},{"id":"tile336","texture":"tiles1.png","frame":{"x":2,"y":7},"type":"ground"},{"id":"tile335","texture":"tiles1.png","frame":{"x":1,"y":7},"type":"ground"},{"id":"tile334","texture":"tiles1.png","frame":{"x":1,"y":7},"type":"ground"},{"id":"tile333","texture":"tiles1.png","frame":{"x":0,"y":7},"type":"ground"},{"id":"tile303","texture":"tiles1.png","frame":{"x":0,"y":6},"type":"ground"},{"id":"tile273","texture":"tiles1.png","frame":{"x":0,"y":6},"type":"ground"},{"id":"tile243","texture":"tiles1.png","frame":{"x":0,"y":6},"type":"ground"},{"id":"tile213","texture":"tiles1.png","frame":{"x":0,"y":6},"type":"ground"},{"id":"tile183","texture":"tiles1.png","frame":{"x":0,"y":6},"type":"ground"},{"id":"tile153","texture":"tiles1.png","frame":{"x":0,"y":6},"type":"ground"},{"id":"tile123","texture":"tiles1.png","frame":{"x":0,"y":6},"type":"ground"},{"id":"tile93","texture":"tiles1.png","frame":{"x":0,"y":5},"type":"ground"},{"id":"tile94","texture":"tiles1.png","frame":{"x":1,"y":5},"type":"ground"},{"id":"tile95","texture":"tiles1.png","frame":{"x":1,"y":5},"type":"ground"},{"id":"tile96","texture":"tiles1.png","frame":{"x":1,"y":5},"type":"ground"},{"id":"tile97","texture":"tiles1.png","frame":{"x":1,"y":5},"type":"ground"},{"id":"tile98","texture":"tiles1.png","frame":{"x":1,"y":5},"type":"ground"},{"id":"tile99","texture":"tiles1.png","frame":{"x":2,"y":5},"type":"ground"},{"id":"tile129","texture":"tiles1.png","frame":{"x":2,"y":6},"type":"ground"},{"id":"tile159","texture":"tiles1.png","frame":{"x":2,"y":6},"type":"ground"},{"id":"tile219","texture":"tiles1.png","frame":{"x":2,"y":8},"type":"ground"},{"id":"tile218","texture":"tiles1.png","frame":{"x":4,"y":7},"type":"ground"},{"id":"tile217","texture":"tiles1.png","frame":{"x":1,"y":8},"type":"ground"},{"id":"tile219","texture":"tiles1.png","frame":{"x":4,"y":15},"type":"ground"},{"id":"tile218","texture":"tiles1.png","frame":{"x":4,"y":15},"type":"ground"},{"id":"tile217","texture":"tiles1.png","frame":{"x":4,"y":15},"type":"ground"},{"id":"tile277","texture":"tiles1.png","frame":{"x":4,"y":15},"type":"ground"},{"id":"tile279","texture":"tiles1.png","frame":{"x":5,"y":14},"type":"ground"},{"id":"tile278","texture":"tiles1.png","frame":{"x":4,"y":15},"type":"ground"},{"id":"tile189","texture":"tiles1.png","frame":{"x":2,"y":7},"type":"ground"},{"id":"tile189","texture":"tiles1.png","frame":{"x":4,"y":16},"type":"ground"},{"id":"tile249","texture":"tiles1.png","frame":{"x":4,"y":11},"type":"ground"},{"id":"tile247","texture":"tiles1.png","frame":{"x":3,"y":12},"type":"ground"},{"id":"tile248","texture":"tiles1.png","frame":{"x":3,"y":12},"type":"ground"},{"id":"tile247","texture":"tiles1.png","frame":{"x":4,"y":15},"type":"ground"},{"id":"tile248","texture":"tiles1.png","frame":{"x":4,"y":15},"type":"ground"},{"id":"tile249","texture":"tiles1.png","frame":{"x":4,"y":15},"type":"ground"},{"id":"tile364","texture":"tiles1.png","frame":{"x":1,"y":8},"type":"ground"},{"id":"tile365","texture":"tiles1.png","frame":{"x":1,"y":8},"type":"ground"},{"id":"tile363","texture":"tiles1.png","frame":{"x":0,"y":8},"type":"ground"},{"id":"tile393","texture":"tiles1.png","frame":{"x":2,"y":12},"type":"ground"},{"id":"tile394","texture":"tiles1.png","frame":{"x":3,"y":12},"type":"ground"},{"id":"tile395","texture":"tiles1.png","frame":{"x":3,"y":12},"type":"ground"},{"id":"tile396","texture":"tiles1.png","frame":{"x":4,"y":11},"type":"ground"},{"id":"tile366","texture":"tiles1.png","frame":{"x":2,"y":8},"type":"ground"},{"id":"tile394","texture":"tiles1.png","frame":{"x":4,"y":13},"type":"ground"},{"id":"tile364","texture":"tiles1.png","frame":{"x":4,"y":13},"type":"ground"},{"id":"tile424","texture":"tiles1.png","frame":{"x":4,"y":14},"type":"ground"},{"id":"tile334","texture":"tiles1.png","frame":{"x":4,"y":12},"type":"ground"},{"id":"tile425","texture":"tiles1.png","frame":{"x":7,"y":15},"type":"ground"},{"id":"tile395","texture":"tiles1.png","frame":{"x":7,"y":14},"type":"ground"},{"id":"tile363","texture":"tiles1.png","frame":{"x":4,"y":15},"type":"ground"},{"id":"tile364","texture":"tiles1.png","frame":{"x":4,"y":15},"type":"ground"},{"id":"tile365","texture":"tiles1.png","frame":{"x":4,"y":15},"type":"ground"},{"id":"tile366","texture":"tiles1.png","frame":{"x":4,"y":15},"type":"ground"},{"id":"tile396","texture":"tiles1.png","frame":{"x":4,"y":15},"type":"ground"},{"id":"tile395","texture":"tiles1.png","frame":{"x":4,"y":15},"type":"ground"},{"id":"tile394","texture":"tiles1.png","frame":{"x":4,"y":15},"type":"ground"},{"id":"tile393","texture":"tiles1.png","frame":{"x":4,"y":15},"type":"ground"},{"id":"tile425","texture":"tiles1.png","frame":{"x":4,"y":15},"type":"ground"},{"id":"tile424","texture":"tiles1.png","frame":{"x":4,"y":15},"type":"ground"},{"id":"tile362","texture":"tiles1.png","frame":{"x":4,"y":15},"type":"ground"},{"id":"tile332","texture":"tiles1.png","frame":{"x":4,"y":15},"type":"ground"},{"id":"tile302","texture":"tiles1.png","frame":{"x":4,"y":15},"type":"ground"},{"id":"tile272","texture":"tiles1.png","frame":{"x":4,"y":15},"type":"ground"},{"id":"tile242","texture":"tiles1.png","frame":{"x":4,"y":15},"type":"ground"},{"id":"tile423","texture":"tiles1.png","frame":{"x":4,"y":15},"type":"ground"},{"id":"tile392","texture":"tiles1.png","frame":{"x":4,"y":15},"type":"ground"},{"id":"tile336","texture":"tiles1.png","frame":{"x":4,"y":16},"type":"ground"},{"id":"tile333","texture":"tiles1.png","frame":{"x":7,"y":16},"type":"ground"},{"id":"tile426","texture":"tiles1.png","frame":{"x":5,"y":14},"type":"ground"},{"id":"tile422","texture":"tiles1.png","frame":{"x":5,"y":15},"type":"ground"},{"id":"tile212","texture":"tiles1.png","frame":{"x":4,"y":16},"type":"ground"},{"id":"tile94","texture":"tiles1.png","frame":{"x":5,"y":1},"type":"ground"},{"id":"tile95","texture":"tiles1.png","frame":{"x":6,"y":1},"type":"ground"},{"id":"tile98","texture":"tiles1.png","frame":{"x":6,"y":1},"type":"ground"},{"id":"tile97","texture":"tiles1.png","frame":{"x":5,"y":1},"type":"ground"},{"id":"tile96","texture":"tiles1.png","frame":{"x":1,"y":6},"type":"ground"},{"id":"tile93","texture":"tiles1.png","frame":{"x":1,"y":6},"type":"ground"},{"id":"tile123","texture":"tiles1.png","frame":{"x":1,"y":6},"type":"ground"},{"id":"tile153","texture":"tiles1.png","frame":{"x":1,"y":6},"type":"ground"},{"id":"tile99","texture":"tiles1.png","frame":{"x":1,"y":6},"type":"ground"},{"id":"tile129","texture":"tiles1.png","frame":{"x":1,"y":6},"type":"ground"},{"id":"tile159","texture":"tiles1.png","frame":{"x":1,"y":6},"type":"ground"},{"id":"tile306","texture":"tiles1.png","frame":{"x":1,"y":6},"type":"ground"},{"id":"tile276","texture":"tiles1.png","frame":{"x":7,"y":1},"type":"ground"},{"id":"tile246","texture":"tiles1.png","frame":{"x":7,"y":0},"type":"ground"},{"id":"tile213","texture":"tiles1.png","frame":{"x":7,"y":0},"type":"ground"},{"id":"tile243","texture":"tiles1.png","frame":{"x":7,"y":1},"type":"ground"},{"id":"tile183","texture":"tiles1.png","frame":{"x":5,"y":0},"type":"ground"},{"id":"tile184","texture":"tiles1.png","frame":{"x":6,"y":0},"type":"ground"},{"id":"tile273","texture":"tiles1.png","frame":{"x":1,"y":6},"type":"ground"},{"id":"tile303","texture":"tiles1.png","frame":{"x":1,"y":6},"type":"ground"},{"id":"tile155","texture":"tiles1.png","frame":{"x":2,"y":1},"type":"ground"},{"id":"tile126","texture":"tiles1.png","frame":{"x":2,"y":1},"type":"ground"},{"id":"tile127","texture":"tiles1.png","frame":{"x":2,"y":1},"type":"ground"},{"id":"tile274","texture":"tiles1.png","frame":{"x":2,"y":1},"type":"ground"},{"id":"tile194","texture":"tiles1.png","frame":{"x":0,"y":7},"type":"ground"},{"id":"tile195","texture":"tiles1.png","frame":{"x":0,"y":7},"type":"ground"},{"id":"tile195","texture":"tiles1.png","frame":{"x":1,"y":7},"type":"ground"},{"id":"tile196","texture":"tiles1.png","frame":{"x":1,"y":7},"type":"ground"},{"id":"tile197","texture":"tiles1.png","frame":{"x":1,"y":7},"type":"ground"},{"id":"tile199","texture":"tiles1.png","frame":{"x":1,"y":7},"type":"ground"},{"id":"tile200","texture":"tiles1.png","frame":{"x":1,"y":7},"type":"ground"},{"id":"tile198","texture":"tiles1.png","frame":{"x":1,"y":7},"type":"ground"},{"id":"tile201","texture":"tiles1.png","frame":{"x":1,"y":7},"type":"ground"},{"id":"tile173","texture":"tiles1.png","frame":{"x":2,"y":6},"type":"ground"},{"id":"tile143","texture":"tiles1.png","frame":{"x":2,"y":6},"type":"ground"},{"id":"tile113","texture":"tiles1.png","frame":{"x":2,"y":6},"type":"ground"},{"id":"tile83","texture":"tiles1.png","frame":{"x":2,"y":6},"type":"ground"},{"id":"tile53","texture":"tiles1.png","frame":{"x":2,"y":6},"type":"ground"},{"id":"tile23","texture":"tiles1.png","frame":{"x":2,"y":6},"type":"ground"},{"id":"tile164","texture":"tiles1.png","frame":{"x":0,"y":6},"type":"ground"},{"id":"tile134","texture":"tiles1.png","frame":{"x":0,"y":6},"type":"ground"},{"id":"tile104","texture":"tiles1.png","frame":{"x":0,"y":6},"type":"ground"},{"id":"tile74","texture":"tiles1.png","frame":{"x":0,"y":6},"type":"ground"},{"id":"tile14","texture":"tiles1.png","frame":{"x":0,"y":6},"type":"ground"},{"id":"tile44","texture":"tiles1.png","frame":{"x":0,"y":6},"type":"ground"},{"id":"tile224","texture":"tiles1.png","frame":{"x":0,"y":8},"type":"ground"},{"id":"tile254","texture":"tiles1.png","frame":{"x":0,"y":8},"type":"ground"},{"id":"tile284","texture":"tiles1.png","frame":{"x":0,"y":8},"type":"ground"},{"id":"tile314","texture":"tiles1.png","frame":{"x":0,"y":8},"type":"ground"},{"id":"tile344","texture":"tiles1.png","frame":{"x":2,"y":12},"type":"ground"},{"id":"tile225","texture":"tiles1.png","frame":{"x":1,"y":11},"type":"ground"},{"id":"tile287","texture":"tiles1.png","frame":{"x":1,"y":11},"type":"ground"},{"id":"tile288","texture":"tiles1.png","frame":{"x":1,"y":11},"type":"ground"},{"id":"tile261","texture":"tiles1.png","frame":{"x":1,"y":11},"type":"ground"},{"id":"tile345","texture":"tiles1.png","frame":{"x":3,"y":12},"type":"ground"},{"id":"tile346","texture":"tiles1.png","frame":{"x":3,"y":12},"type":"ground"},{"id":"tile348","texture":"tiles1.png","frame":{"x":3,"y":12},"type":"ground"},{"id":"tile349","texture":"tiles1.png","frame":{"x":3,"y":12},"type":"ground"},{"id":"tile350","texture":"tiles1.png","frame":{"x":3,"y":12},"type":"ground"},{"id":"tile351","texture":"tiles1.png","frame":{"x":3,"y":12},"type":"ground"},{"id":"tile202","texture":"tiles1.png","frame":{"x":3,"y":6},"type":"ground"},{"id":"tile232","texture":"tiles1.png","frame":{"x":0,"y":6},"type":"ground"},{"id":"tile262","texture":"tiles1.png","frame":{"x":0,"y":6},"type":"ground"},{"id":"tile292","texture":"tiles1.png","frame":{"x":0,"y":7},"type":"ground"},{"id":"tile293","texture":"tiles1.png","frame":{"x":2,"y":7},"type":"ground"},{"id":"tile263","texture":"tiles1.png","frame":{"x":2,"y":6},"type":"ground"},{"id":"tile233","texture":"tiles1.png","frame":{"x":2,"y":6},"type":"ground"},{"id":"tile203","texture":"tiles1.png","frame":{"x":2,"y":6},"type":"ground"},{"id":"tile323","texture":"tiles1.png","frame":{"x":2,"y":8},"type":"ground"},{"id":"tile353","texture":"tiles1.png","frame":{"x":2,"y":8},"type":"ground"},{"id":"tile383","texture":"tiles1.png","frame":{"x":2,"y":8},"type":"ground"},{"id":"tile413","texture":"tiles1.png","frame":{"x":2,"y":8},"type":"ground"},{"id":"tile443","texture":"tiles1.png","frame":{"x":4,"y":11},"type":"ground"},{"id":"tile442","texture":"tiles1.png","frame":{"x":2,"y":12},"type":"ground"},{"id":"tile412","texture":"tiles1.png","frame":{"x":0,"y":8},"type":"ground"},{"id":"tile382","texture":"tiles1.png","frame":{"x":0,"y":8},"type":"ground"},{"id":"tile352","texture":"tiles1.png","frame":{"x":0,"y":8},"type":"ground"},{"id":"tile322","texture":"tiles1.png","frame":{"x":0,"y":8},"type":"ground"},{"id":"tile315","texture":"tiles1.png","frame":{"x":1,"y":8},"type":"ground"},{"id":"tile285","texture":"tiles1.png","frame":{"x":1,"y":8},"type":"ground"},{"id":"tile255","texture":"tiles1.png","frame":{"x":1,"y":8},"type":"ground"},{"id":"tile256","texture":"tiles1.png","frame":{"x":1,"y":8},"type":"ground"},{"id":"tile226","texture":"tiles1.png","frame":{"x":1,"y":8},"type":"ground"},{"id":"tile227","texture":"tiles1.png","frame":{"x":1,"y":8},"type":"ground"},{"id":"tile228","texture":"tiles1.png","frame":{"x":1,"y":8},"type":"ground"},{"id":"tile229","texture":"tiles1.png","frame":{"x":1,"y":8},"type":"ground"},{"id":"tile230","texture":"tiles1.png","frame":{"x":1,"y":8},"type":"ground"},{"id":"tile231","texture":"tiles1.png","frame":{"x":1,"y":8},"type":"ground"},{"id":"tile260","texture":"tiles1.png","frame":{"x":1,"y":8},"type":"ground"},{"id":"tile259","texture":"tiles1.png","frame":{"x":1,"y":8},"type":"ground"},{"id":"tile258","texture":"tiles1.png","frame":{"x":1,"y":8},"type":"ground"},{"id":"tile257","texture":"tiles1.png","frame":{"x":1,"y":8},"type":"ground"},{"id":"tile286","texture":"tiles1.png","frame":{"x":1,"y":8},"type":"ground"},{"id":"tile316","texture":"tiles1.png","frame":{"x":1,"y":8},"type":"ground"},{"id":"tile317","texture":"tiles1.png","frame":{"x":1,"y":8},"type":"ground"},{"id":"tile318","texture":"tiles1.png","frame":{"x":1,"y":8},"type":"ground"},{"id":"tile319","texture":"tiles1.png","frame":{"x":1,"y":8},"type":"ground"},{"id":"tile289","texture":"tiles1.png","frame":{"x":1,"y":8},"type":"ground"},{"id":"tile320","texture":"tiles1.png","frame":{"x":1,"y":8},"type":"ground"},{"id":"tile321","texture":"tiles1.png","frame":{"x":1,"y":8},"type":"ground"},{"id":"tile291","texture":"tiles1.png","frame":{"x":1,"y":8},"type":"ground"},{"id":"tile383","texture":"tiles1.png","frame":{"x":4,"y":15},"type":"ground"},{"id":"tile353","texture":"tiles1.png","frame":{"x":4,"y":15},"type":"ground"},{"id":"tile413","texture":"tiles1.png","frame":{"x":4,"y":15},"type":"ground"},{"id":"tile352","texture":"tiles1.png","frame":{"x":4,"y":15},"type":"ground"},{"id":"tile322","texture":"tiles1.png","frame":{"x":4,"y":15},"type":"ground"},{"id":"tile323","texture":"tiles1.png","frame":{"x":4,"y":15},"type":"ground"},{"id":"tile382","texture":"tiles1.png","frame":{"x":4,"y":15},"type":"ground"},{"id":"tile412","texture":"tiles1.png","frame":{"x":4,"y":15},"type":"ground"},{"id":"tile442","texture":"tiles1.png","frame":{"x":4,"y":15},"type":"ground"},{"id":"tile441","texture":"tiles1.png","frame":{"x":4,"y":15},"type":"ground"},{"id":"tile411","texture":"tiles1.png","frame":{"x":4,"y":15},"type":"ground"},{"id":"tile381","texture":"tiles1.png","frame":{"x":4,"y":15},"type":"ground"},{"id":"tile351","texture":"tiles1.png","frame":{"x":4,"y":15},"type":"ground"},{"id":"tile321","texture":"tiles1.png","frame":{"x":4,"y":15},"type":"ground"},{"id":"tile291","texture":"tiles1.png","frame":{"x":4,"y":15},"type":"ground"},{"id":"tile261","texture":"tiles1.png","frame":{"x":4,"y":15},"type":"ground"},{"id":"tile231","texture":"tiles1.png","frame":{"x":4,"y":15},"type":"ground"},{"id":"tile230","texture":"tiles1.png","frame":{"x":4,"y":15},"type":"ground"},{"id":"tile226","texture":"tiles1.png","frame":{"x":4,"y":15},"type":"ground"},{"id":"tile225","texture":"tiles1.png","frame":{"x":4,"y":15},"type":"ground"},{"id":"tile224","texture":"tiles1.png","frame":{"x":4,"y":15},"type":"ground"},{"id":"tile254","texture":"tiles1.png","frame":{"x":4,"y":15},"type":"ground"},{"id":"tile284","texture":"tiles1.png","frame":{"x":4,"y":15},"type":"ground"},{"id":"tile314","texture":"tiles1.png","frame":{"x":4,"y":15},"type":"ground"},{"id":"tile344","texture":"tiles1.png","frame":{"x":4,"y":15},"type":"ground"},{"id":"tile345","texture":"tiles1.png","frame":{"x":4,"y":15},"type":"ground"},{"id":"tile315","texture":"tiles1.png","frame":{"x":4,"y":15},"type":"ground"},{"id":"tile316","texture":"tiles1.png","frame":{"x":4,"y":15},"type":"ground"},{"id":"tile320","texture":"tiles1.png","frame":{"x":4,"y":15},"type":"ground"},{"id":"tile350","texture":"tiles1.png","frame":{"x":4,"y":15},"type":"ground"},{"id":"tile346","texture":"tiles1.png","frame":{"x":4,"y":15},"type":"ground"},{"id":"tile286","texture":"tiles1.png","frame":{"x":4,"y":15},"type":"ground"},{"id":"tile255","texture":"tiles1.png","frame":{"x":4,"y":15},"type":"ground"},{"id":"tile285","texture":"tiles1.png","frame":{"x":4,"y":15},"type":"ground"},{"id":"tile256","texture":"tiles1.png","frame":{"x":4,"y":15},"type":"ground"},{"id":"tile260","texture":"tiles1.png","frame":{"x":4,"y":15},"type":"ground"},{"id":"tile375","texture":"tiles1.png","frame":{"x":4,"y":15},"type":"ground"},{"id":"tile405","texture":"tiles1.png","frame":{"x":4,"y":15},"type":"ground"},{"id":"tile435","texture":"tiles1.png","frame":{"x":4,"y":15},"type":"ground"},{"id":"tile436","texture":"tiles1.png","frame":{"x":4,"y":15},"type":"ground"},{"id":"tile437","texture":"tiles1.png","frame":{"x":4,"y":15},"type":"ground"},{"id":"tile438","texture":"tiles1.png","frame":{"x":4,"y":15},"type":"ground"},{"id":"tile439","texture":"tiles1.png","frame":{"x":4,"y":15},"type":"ground"},{"id":"tile410","texture":"tiles1.png","frame":{"x":4,"y":15},"type":"ground"},{"id":"tile440","texture":"tiles1.png","frame":{"x":4,"y":15},"type":"ground"},{"id":"tile380","texture":"tiles1.png","frame":{"x":4,"y":15},"type":"ground"},{"id":"tile376","texture":"tiles1.png","frame":{"x":4,"y":15},"type":"ground"},{"id":"tile406","texture":"tiles1.png","frame":{"x":4,"y":15},"type":"ground"},{"id":"tile434","texture":"tiles1.png","frame":{"x":4,"y":15},"type":"ground"},{"id":"tile404","texture":"tiles1.png","frame":{"x":4,"y":15},"type":"ground"},{"id":"tile374","texture":"tiles1.png","frame":{"x":4,"y":15},"type":"ground"},{"id":"tile403","texture":"tiles1.png","frame":{"x":4,"y":15},"type":"ground"},{"id":"tile433","texture":"tiles1.png","frame":{"x":4,"y":15},"type":"ground"},{"id":"tile373","texture":"tiles1.png","frame":{"x":4,"y":15},"type":"ground"},{"id":"tile343","texture":"tiles1.png","frame":{"x":4,"y":15},"type":"ground"},{"id":"tile313","texture":"tiles1.png","frame":{"x":4,"y":15},"type":"ground"},{"id":"tile283","texture":"tiles1.png","frame":{"x":4,"y":15},"type":"ground"},{"id":"tile253","texture":"tiles1.png","frame":{"x":4,"y":15},"type":"ground"},{"id":"tile223","texture":"tiles1.png","frame":{"x":4,"y":15},"type":"ground"},{"id":"tile432","texture":"tiles1.png","frame":{"x":4,"y":15},"type":"ground"},{"id":"tile402","texture":"tiles1.png","frame":{"x":4,"y":15},"type":"ground"},{"id":"tile372","texture":"tiles1.png","frame":{"x":4,"y":15},"type":"ground"},{"id":"tile342","texture":"tiles1.png","frame":{"x":4,"y":15},"type":"ground"},{"id":"tile312","texture":"tiles1.png","frame":{"x":4,"y":15},"type":"ground"},{"id":"tile282","texture":"tiles1.png","frame":{"x":4,"y":15},"type":"ground"},{"id":"tile252","texture":"tiles1.png","frame":{"x":4,"y":15},"type":"ground"},{"id":"tile222","texture":"tiles1.png","frame":{"x":4,"y":15},"type":"ground"},{"id":"tile192","texture":"tiles1.png","frame":{"x":4,"y":15},"type":"ground"},{"id":"tile162","texture":"tiles1.png","frame":{"x":4,"y":15},"type":"ground"},{"id":"tile132","texture":"tiles1.png","frame":{"x":4,"y":15},"type":"ground"},{"id":"tile42","texture":"tiles1.png","frame":{"x":4,"y":15},"type":"ground"},{"id":"tile12","texture":"tiles1.png","frame":{"x":4,"y":15},"type":"ground"},{"id":"tile431","texture":"tiles1.png","frame":{"x":5,"y":15},"type":"ground"},{"id":"tile401","texture":"tiles1.png","frame":{"x":4,"y":15},"type":"ground"},{"id":"tile371","texture":"tiles1.png","frame":{"x":4,"y":15},"type":"ground"},{"id":"tile341","texture":"tiles1.png","frame":{"x":4,"y":15},"type":"ground"},{"id":"tile311","texture":"tiles1.png","frame":{"x":4,"y":15},"type":"ground"},{"id":"tile281","texture":"tiles1.png","frame":{"x":4,"y":15},"type":"ground"},{"id":"tile251","texture":"tiles1.png","frame":{"x":4,"y":15},"type":"ground"},{"id":"tile221","texture":"tiles1.png","frame":{"x":4,"y":15},"type":"ground"},{"id":"tile191","texture":"tiles1.png","frame":{"x":4,"y":15},"type":"ground"},{"id":"tile161","texture":"tiles1.png","frame":{"x":4,"y":15},"type":"ground"},{"id":"tile131","texture":"tiles1.png","frame":{"x":4,"y":15},"type":"ground"},{"id":"tile101","texture":"tiles1.png","frame":{"x":4,"y":15},"type":"ground"},{"id":"tile71","texture":"tiles1.png","frame":{"x":4,"y":15},"type":"ground"},{"id":"tile41","texture":"tiles1.png","frame":{"x":4,"y":15},"type":"ground"},{"id":"tile11","texture":"tiles1.png","frame":{"x":4,"y":15},"type":"ground"},{"id":"tile292","texture":"tiles1.png","frame":{"x":7,"y":16},"type":"ground"},{"id":"tile194","texture":"tiles1.png","frame":{"x":7,"y":16},"type":"ground"},{"id":"tile293","texture":"tiles1.png","frame":{"x":4,"y":16},"type":"ground"},{"id":"tile143","texture":"tiles1.png","frame":{"x":1,"y":6},"type":"ground"},{"id":"tile113","texture":"tiles1.png","frame":{"x":1,"y":6},"type":"ground"},{"id":"tile53","texture":"tiles1.png","frame":{"x":1,"y":6},"type":"ground"},{"id":"tile23","texture":"tiles1.png","frame":{"x":1,"y":6},"type":"ground"},{"id":"tile197","texture":"tiles1.png","frame":{"x":0,"y":13},"type":"ground"},{"id":"tile198","texture":"tiles1.png","frame":{"x":1,"y":13},"type":"ground"},{"id":"tile199","texture":"tiles1.png","frame":{"x":2,"y":13},"type":"ground"},{"id":"tile347","texture":"tiles1.png","frame":{"x":0,"y":0},"type":"ground"},{"id":"tile347","texture":"tiles1.png","frame":{"x":3,"y":12},"type":"ground"},{"id":"tile227","texture":"tiles1.png","frame":{"x":0,"y":14},"type":"ground"},{"id":"tile257","texture":"tiles1.png","frame":{"x":0,"y":14},"type":"ground"},{"id":"tile287","texture":"tiles1.png","frame":{"x":0,"y":14},"type":"ground"},{"id":"tile317","texture":"tiles1.png","frame":{"x":0,"y":14},"type":"ground"},{"id":"tile347","texture":"tiles1.png","frame":{"x":0,"y":14},"type":"ground"},{"id":"tile377","texture":"tiles1.png","frame":{"x":0,"y":14},"type":"ground"},{"id":"tile407","texture":"tiles1.png","frame":{"x":0,"y":15},"type":"ground"},{"id":"tile408","texture":"tiles1.png","frame":{"x":1,"y":15},"type":"ground"},{"id":"tile409","texture":"tiles1.png","frame":{"x":2,"y":15},"type":"ground"},{"id":"tile378","texture":"tiles1.png","frame":{"x":1,"y":14},"type":"ground"},{"id":"tile348","texture":"tiles1.png","frame":{"x":1,"y":14},"type":"ground"},{"id":"tile318","texture":"tiles1.png","frame":{"x":1,"y":14},"type":"ground"},{"id":"tile288","texture":"tiles1.png","frame":{"x":1,"y":14},"type":"ground"},{"id":"tile258","texture":"tiles1.png","frame":{"x":1,"y":14},"type":"ground"},{"id":"tile228","texture":"tiles1.png","frame":{"x":1,"y":14},"type":"ground"},{"id":"tile229","texture":"tiles1.png","frame":{"x":2,"y":14},"type":"ground"},{"id":"tile259","texture":"tiles1.png","frame":{"x":2,"y":14},"type":"ground"},{"id":"tile289","texture":"tiles1.png","frame":{"x":2,"y":14},"type":"ground"},{"id":"tile319","texture":"tiles1.png","frame":{"x":2,"y":14},"type":"ground"},{"id":"tile349","texture":"tiles1.png","frame":{"x":2,"y":14},"type":"ground"},{"id":"tile379","texture":"tiles1.png","frame":{"x":2,"y":14},"type":"ground"},{"id":"tile407","texture":"tiles1.png","frame":{"x":4,"y":15},"type":"ground"},{"id":"tile377","texture":"tiles1.png","frame":{"x":4,"y":15},"type":"ground"},{"id":"tile347","texture":"tiles1.png","frame":{"x":4,"y":15},"type":"ground"},{"id":"tile317","texture":"tiles1.png","frame":{"x":4,"y":15},"type":"ground"},{"id":"tile287","texture":"tiles1.png","frame":{"x":4,"y":15},"type":"ground"},{"id":"tile257","texture":"tiles1.png","frame":{"x":4,"y":15},"type":"ground"},{"id":"tile227","texture":"tiles1.png","frame":{"x":4,"y":15},"type":"ground"},{"id":"tile228","texture":"tiles1.png","frame":{"x":4,"y":15},"type":"ground"},{"id":"tile229","texture":"tiles1.png","frame":{"x":4,"y":15},"type":"ground"},{"id":"tile259","texture":"tiles1.png","frame":{"x":4,"y":15},"type":"ground"},{"id":"tile258","texture":"tiles1.png","frame":{"x":4,"y":15},"type":"ground"},{"id":"tile288","texture":"tiles1.png","frame":{"x":4,"y":15},"type":"ground"},{"id":"tile378","texture":"tiles1.png","frame":{"x":4,"y":15},"type":"ground"},{"id":"tile408","texture":"tiles1.png","frame":{"x":4,"y":15},"type":"ground"},{"id":"tile409","texture":"tiles1.png","frame":{"x":4,"y":15},"type":"ground"},{"id":"tile379","texture":"tiles1.png","frame":{"x":4,"y":15},"type":"ground"},{"id":"tile349","texture":"tiles1.png","frame":{"x":4,"y":15},"type":"ground"},{"id":"tile348","texture":"tiles1.png","frame":{"x":4,"y":15},"type":"ground"},{"id":"tile318","texture":"tiles1.png","frame":{"x":4,"y":15},"type":"ground"},{"id":"tile319","texture":"tiles1.png","frame":{"x":4,"y":15},"type":"ground"},{"id":"tile289","texture":"tiles1.png","frame":{"x":4,"y":15},"type":"ground"},{"id":"tile73","texture":"tiles1.png","frame":{"x":0,"y":0},"type":"ground"},{"id":"tile13","texture":"tiles1.png","frame":{"x":1,"y":6},"type":"ground"},{"id":"tile43","texture":"tiles1.png","frame":{"x":1,"y":6},"type":"ground"},{"id":"tile73","texture":"tiles1.png","frame":{"x":1,"y":6},"type":"ground"},{"id":"tile103","texture":"tiles1.png","frame":{"x":1,"y":6},"type":"ground"},{"id":"tile133","texture":"tiles1.png","frame":{"x":1,"y":6},"type":"ground"},{"id":"tile163","texture":"tiles1.png","frame":{"x":1,"y":6},"type":"ground"},{"id":"tile193","texture":"tiles1.png","frame":{"x":1,"y":6},"type":"ground"},{"id":"tile72","texture":"tiles1.png","frame":{"x":1,"y":6},"type":"ground"},{"id":"tile102","texture":"tiles1.png","frame":{"x":1,"y":6},"type":"ground"},{"id":"tile193","texture":"tiles1.png","frame":{"x":4,"y":15},"type":"ground"},{"id":"tile133","texture":"tiles1.png","frame":{"x":4,"y":15},"type":"ground"},{"id":"tile163","texture":"tiles1.png","frame":{"x":4,"y":15},"type":"ground"},{"id":"tile103","texture":"tiles1.png","frame":{"x":4,"y":15},"type":"ground"},{"id":"tile43","texture":"tiles1.png","frame":{"x":4,"y":15},"type":"ground"},{"id":"tile13","texture":"tiles1.png","frame":{"x":4,"y":15},"type":"ground"},{"id":"tile73","texture":"tiles1.png","frame":{"x":4,"y":15},"type":"ground"},{"id":"tile72","texture":"tiles1.png","frame":{"x":4,"y":15},"type":"ground"},{"id":"tile102","texture":"tiles1.png","frame":{"x":4,"y":15},"type":"ground"},{"id":"tile266","texture":"tiles1.png","frame":{"x":0,"y":2},"type":"ground"},{"id":"tile296","texture":"tiles1.png","frame":{"x":0,"y":3},"type":"ground"},{"id":"tile326","texture":"tiles1.png","frame":{"x":0,"y":3},"type":"ground"},{"id":"tile356","texture":"tiles1.png","frame":{"x":0,"y":3},"type":"ground"},{"id":"tile386","texture":"tiles1.png","frame":{"x":0,"y":3},"type":"ground"},{"id":"tile416","texture":"tiles1.png","frame":{"x":0,"y":3},"type":"ground"},{"id":"tile446","texture":"tiles1.png","frame":{"x":0,"y":3},"type":"ground"},{"id":"tile476","texture":"tiles1.png","frame":{"x":3,"y":3},"type":"ground"},{"id":"tile475","texture":"tiles1.png","frame":{"x":1,"y":2},"type":"ground"},{"id":"tile474","texture":"tiles1.png","frame":{"x":1,"y":2},"type":"ground"},{"id":"tile473","texture":"tiles1.png","frame":{"x":0,"y":2},"type":"ground"},{"id":"tile503","texture":"tiles1.png","frame":{"x":0,"y":3},"type":"ground"},{"id":"tile533","texture":"tiles1.png","frame":{"x":0,"y":4},"type":"ground"},{"id":"tile534","texture":"tiles1.png","frame":{"x":3,"y":4},"type":"ground"},{"id":"tile564","texture":"tiles1.png","frame":{"x":0,"y":4},"type":"ground"},{"id":"tile565","texture":"tiles1.png","frame":{"x":1,"y":4},"type":"ground"},{"id":"tile566","texture":"tiles1.png","frame":{"x":1,"y":4},"type":"ground"},{"id":"tile567","texture":"tiles1.png","frame":{"x":1,"y":4},"type":"ground"},{"id":"tile568","texture":"tiles1.png","frame":{"x":1,"y":4},"type":"ground"},{"id":"tile569","texture":"tiles1.png","frame":{"x":3,"y":4},"type":"ground"},{"id":"tile599","texture":"tiles1.png","frame":{"x":0,"y":4},"type":"ground"},{"id":"tile504","texture":"tiles1.png","frame":{"x":1,"y":3},"type":"ground"},{"id":"tile505","texture":"tiles1.png","frame":{"x":1,"y":3},"type":"ground"},{"id":"tile535","texture":"tiles1.png","frame":{"x":1,"y":3},"type":"ground"},{"id":"tile536","texture":"tiles1.png","frame":{"x":1,"y":3},"type":"ground"},{"id":"tile506","texture":"tiles1.png","frame":{"x":1,"y":3},"type":"ground"},{"id":"tile507","texture":"tiles1.png","frame":{"x":1,"y":3},"type":"ground"},{"id":"tile537","texture":"tiles1.png","frame":{"x":1,"y":3},"type":"ground"},{"id":"tile538","texture":"tiles1.png","frame":{"x":1,"y":3},"type":"ground"},{"id":"tile539","texture":"tiles1.png","frame":{"x":1,"y":3},"type":"ground"},{"id":"tile509","texture":"tiles1.png","frame":{"x":1,"y":3},"type":"ground"},{"id":"tile508","texture":"tiles1.png","frame":{"x":1,"y":3},"type":"ground"},{"id":"tile477","texture":"tiles1.png","frame":{"x":1,"y":3},"type":"ground"},{"id":"tile478","texture":"tiles1.png","frame":{"x":1,"y":3},"type":"ground"},{"id":"tile479","texture":"tiles1.png","frame":{"x":1,"y":3},"type":"ground"},{"id":"tile447","texture":"tiles1.png","frame":{"x":1,"y":3},"type":"ground"},{"id":"tile417","texture":"tiles1.png","frame":{"x":1,"y":3},"type":"ground"},{"id":"tile387","texture":"tiles1.png","frame":{"x":1,"y":3},"type":"ground"},{"id":"tile357","texture":"tiles1.png","frame":{"x":1,"y":3},"type":"ground"},{"id":"tile327","texture":"tiles1.png","frame":{"x":1,"y":3},"type":"ground"},{"id":"tile297","texture":"tiles1.png","frame":{"x":1,"y":3},"type":"ground"},{"id":"tile298","texture":"tiles1.png","frame":{"x":1,"y":3},"type":"ground"},{"id":"tile299","texture":"tiles1.png","frame":{"x":1,"y":3},"type":"ground"},{"id":"tile328","texture":"tiles1.png","frame":{"x":1,"y":3},"type":"ground"},{"id":"tile329","texture":"tiles1.png","frame":{"x":1,"y":3},"type":"ground"},{"id":"tile359","texture":"tiles1.png","frame":{"x":1,"y":3},"type":"ground"},{"id":"tile358","texture":"tiles1.png","frame":{"x":1,"y":3},"type":"ground"},{"id":"tile388","texture":"tiles1.png","frame":{"x":1,"y":3},"type":"ground"},{"id":"tile418","texture":"tiles1.png","frame":{"x":1,"y":3},"type":"ground"},{"id":"tile448","texture":"tiles1.png","frame":{"x":1,"y":3},"type":"ground"},{"id":"tile449","texture":"tiles1.png","frame":{"x":1,"y":3},"type":"ground"},{"id":"tile389","texture":"tiles1.png","frame":{"x":1,"y":3},"type":"ground"},{"id":"tile419","texture":"tiles1.png","frame":{"x":1,"y":3},"type":"ground"},{"id":"tile267","texture":"tiles1.png","frame":{"x":1,"y":2},"type":"ground"},{"id":"tile268","texture":"tiles1.png","frame":{"x":1,"y":2},"type":"ground"},{"id":"tile269","texture":"tiles1.png","frame":{"x":1,"y":2},"type":"ground"},{"id":"tile15","texture":"tiles1.png","frame":{"x":0,"y":2},"type":"ground"},{"id":"tile45","texture":"tiles1.png","frame":{"x":0,"y":3},"type":"ground"},{"id":"tile75","texture":"tiles1.png","frame":{"x":0,"y":3},"type":"ground"},{"id":"tile105","texture":"tiles1.png","frame":{"x":0,"y":3},"type":"ground"},{"id":"tile135","texture":"tiles1.png","frame":{"x":0,"y":4},"type":"ground"},{"id":"tile136","texture":"tiles1.png","frame":{"x":1,"y":4},"type":"ground"},{"id":"tile137","texture":"tiles1.png","frame":{"x":2,"y":4},"type":"ground"},{"id":"tile107","texture":"tiles1.png","frame":{"x":2,"y":2},"type":"ground"},{"id":"tile106","texture":"tiles1.png","frame":{"x":4,"y":3},"type":"ground"},{"id":"tile76","texture":"tiles1.png","frame":{"x":2,"y":3},"type":"ground"},{"id":"tile46","texture":"tiles1.png","frame":{"x":2,"y":3},"type":"ground"},{"id":"tile16","texture":"tiles1.png","frame":{"x":2,"y":2},"type":"ground"},{"id":"tile110","texture":"tiles1.png","frame":{"x":1,"y":1},"type":"ground"},{"id":"tile49","texture":"tiles1.png","frame":{"x":1,"y":1},"type":"ground"},{"id":"tile21","texture":"tiles1.png","frame":{"x":1,"y":1},"type":"ground"},{"id":"tile61","texture":"tiles1.png","frame":{"x":1,"y":1},"type":"ground"},{"id":"tile210","texture":"tiles1.png","frame":{"x":1,"y":1},"type":"ground"},{"id":"tile39","texture":"tiles1.png","frame":{"x":1,"y":1},"type":"ground"},{"id":"tile69","texture":"tiles1.png","frame":{"x":1,"y":1},"type":"ground"},{"id":"tile264","texture":"tiles1.png","frame":{"x":7,"y":1},"type":"ground"},{"id":"tile234","texture":"tiles1.png","frame":{"x":7,"y":0},"type":"ground"},{"id":"tile174","texture":"tiles1.png","frame":{"x":7,"y":2},"type":"ground"},{"id":"tile204","texture":"tiles1.png","frame":{"x":7,"y":2},"type":"ground"},{"id":"tile83","texture":"tiles1.png","frame":{"x":6,"y":0},"type":"ground"},{"id":"tile82","texture":"tiles1.png","frame":{"x":5,"y":0},"type":"ground"},{"id":"tile290","texture":"tiles1.png","frame":{"x":4,"y":7},"type":"ground"},{"id":"tile290","texture":"tiles1.png","frame":{"x":4,"y":15},"type":"ground"},{"id":"tile443","texture":"tiles1.png","frame":{"x":4,"y":15},"type":"ground"},{"id":"tile473","texture":"tiles1.png","frame":{"x":5,"y":14},"type":"ground"},{"id":"tile502","texture":"tiles1.png","frame":{"x":5,"y":14},"type":"ground"},{"id":"tile531","texture":"tiles1.png","frame":{"x":5,"y":14},"type":"ground"},{"id":"tile530","texture":"tiles1.png","frame":{"x":4,"y":15},"type":"ground"},{"id":"tile501","texture":"tiles1.png","frame":{"x":4,"y":15},"type":"ground"},{"id":"tile472","texture":"tiles1.png","frame":{"x":4,"y":15},"type":"ground"},{"id":"tile529","texture":"tiles1.png","frame":{"x":5,"y":15},"type":"ground"},{"id":"tile500","texture":"tiles1.png","frame":{"x":4,"y":15},"type":"ground"},{"id":"tile471","texture":"tiles1.png","frame":{"x":4,"y":15},"type":"ground"},{"id":"tile470","texture":"tiles1.png","frame":{"x":4,"y":15},"type":"ground"},{"id":"tile499","texture":"tiles1.png","frame":{"x":4,"y":15},"type":"ground"},{"id":"tile469","texture":"tiles1.png","frame":{"x":4,"y":15},"type":"ground"},{"id":"tile122","texture":"tiles1.png","frame":{"x":4,"y":2},"type":"ground"},{"id":"tile511","texture":"tiles1.png","frame":{"x":2,"y":1},"type":"ground"},{"id":"tile300","texture":"tiles1.png","frame":{"x":2,"y":0},"type":"ground"}]