{"tile0":{"ground1":{"texture":"tiles1.png","frame":{"x":0,"y":0}}},"tile30":{"ground1":{"texture":"tiles1.png","frame":{"x":0,"y":0}}},"tile60":{"ground1":{"texture":"tiles1.png","frame":{"x":0,"y":0}}},"tile90":{"ground1":{"texture":"tiles1.png","frame":{"x":0,"y":0}}},"tile120":{"ground1":{"texture":"tiles1.png","frame":{"x":0,"y":0}}},"tile150":{"ground1":{"texture":"tiles1.png","frame":{"x":0,"y":0}}},"tile180":{"ground1":{"texture":"tiles1.png","frame":{"x":0,"y":0}}},"tile210":{"ground1":{"texture":"tiles1.png","frame":{"x":0,"y":0}}},"tile240":{"ground1":{"texture":"tiles1.png","frame":{"x":0,"y":0}}},"tile270":{"ground1":{"texture":"tiles1.png","frame":{"x":0,"y":0}}},"tile300":{"ground1":{"texture":"tiles1.png","frame":{"x":0,"y":0}}},"tile330":{"ground1":{"texture":"tiles1.png","frame":{"x":0,"y":0}},"mask1":{"texture":"tiles1.png","frame":{"x":1,"y":5}},"info":{"type":1}},"tile360":{"ground1":{"texture":"tiles1.png","frame":{"x":0,"y":0}},"info":{"type":1}},"tile390":{"ground1":{"texture":"tiles1.png","frame":{"x":0,"y":0}},"mask1":{"texture":"tiles1.png","frame":{"x":1,"y":7}},"info":{"type":1},"fringeShadow":{"texture":"tiles1.png","frame":{"x":0,"y":30}}},"tile420":{"ground1":{"texture":"tiles1.png","frame":{"x":0,"y":0}},"info":{"type":1},"mask1":{"texture":"tiles1.png","frame":{"x":3,"y":12}},"fringeShadow":{"texture":"tiles1.png","frame":{"x":0,"y":28}}},"tile450":{"ground1":{"texture":"tiles1.png","frame":{"x":0,"y":0}},"mask2":null,"ground2":{"texture":"tiles1.png","frame":{"x":2,"y":0}},"fringeShadow":{"texture":"tiles1.png","frame":{"x":0,"y":28}}},"tile480":{"ground1":{"texture":"tiles1.png","frame":{"x":0,"y":0}},"mask2":{"texture":"tiles1.png","frame":{"x":1,"y":37}},"info":{"type":1}},"tile510":{"ground1":{"texture":"tiles1.png","frame":{"x":0,"y":0}}},"tile540":{"ground1":{"texture":"tiles1.png","frame":{"x":0,"y":0}}},"tile570":{"ground1":{"texture":"tiles1.png","frame":{"x":0,"y":0}}},"tile1":{"ground1":{"texture":"tiles1.png","frame":{"x":0,"y":0}}},"tile31":{"ground1":{"texture":"tiles1.png","frame":{"x":0,"y":0}}},"tile61":{"ground1":{"texture":"tiles1.png","frame":{"x":0,"y":0}}},"tile91":{"ground1":{"texture":"tiles1.png","frame":{"x":0,"y":0}},"mask2":{"texture":"tiles1.png","frame":{"x":4,"y":32}},"info":{"type":1}},"tile121":{"ground1":{"texture":"tiles1.png","frame":{"x":0,"y":0}}},"tile151":{"ground1":{"texture":"tiles1.png","frame":{"x":0,"y":0}}},"tile181":{"ground1":{"texture":"tiles1.png","frame":{"x":0,"y":0}}},"tile211":{"ground1":{"texture":"tiles1.png","frame":{"x":0,"y":0}},"ground2":{"texture":"tiles1.png","frame":{"x":3,"y":2}}},"tile241":{"ground1":{"texture":"tiles1.png","frame":{"x":0,"y":0}}},"tile271":{"ground1":{"texture":"tiles1.png","frame":{"x":0,"y":0}},"ground2":{"texture":"tiles1.png","frame":{"x":1,"y":1}}},"tile301":{"ground1":{"texture":"tiles1.png","frame":{"x":0,"y":0}}},"tile331":{"ground1":{"texture":"tiles1.png","frame":{"x":0,"y":0}},"mask1":{"texture":"tiles1.png","frame":{"x":1,"y":5}},"info":{"type":1}},"tile361":{"ground1":{"texture":"tiles1.png","frame":{"x":0,"y":0}},"info":{"type":1}},"tile391":{"ground1":{"texture":"tiles1.png","frame":{"x":0,"y":0}},"mask1":{"texture":"tiles1.png","frame":{"x":1,"y":7}},"info":{"type":1},"fringeShadow":{"texture":"tiles1.png","frame":{"x":0,"y":30}}},"tile421":{"ground1":{"texture":"tiles1.png","frame":{"x":0,"y":0}},"info":{"type":1},"mask1":{"texture":"tiles1.png","frame":{"x":3,"y":12}},"fringeShadow":{"texture":"tiles1.png","frame":{"x":0,"y":28}}},"tile451":{"ground1":{"texture":"tiles1.png","frame":{"x":0,"y":0}},"mask2":{"texture":"tiles1.png","frame":{"x":1,"y":37}},"info":{"type":1},"fringeShadow":{"texture":"tiles1.png","frame":{"x":0,"y":28}}},"tile481":{"ground1":{"texture":"tiles1.png","frame":{"x":0,"y":0}},"mask2":{"texture":"tiles1.png","frame":{"x":1,"y":37}},"info":{"type":1}},"tile511":{"ground1":{"texture":"tiles1.png","frame":{"x":0,"y":0}},"mask2":{"texture":"tiles1.png","frame":{"x":1,"y":37}},"info":{"type":1}},"tile541":{"ground1":{"texture":"tiles1.png","frame":{"x":0,"y":0}}},"tile571":{"ground1":{"texture":"tiles1.png","frame":{"x":0,"y":0}}},"tile2":{"ground1":{"texture":"tiles1.png","frame":{"x":0,"y":0}}},"tile32":{"ground1":{"texture":"tiles1.png","frame":{"x":0,"y":0}}},"tile62":{"ground1":{"texture":"tiles1.png","frame":{"x":0,"y":0}}},"tile92":{"ground1":{"texture":"tiles1.png","frame":{"x":0,"y":0}}},"tile122":{"ground1":{"texture":"tiles1.png","frame":{"x":0,"y":0}}},"tile152":{"ground1":{"texture":"tiles1.png","frame":{"x":0,"y":0}},"info":{"type":0}},"tile182":{"ground1":{"texture":"tiles1.png","frame":{"x":0,"y":0}},"mask3":{"texture":"items1.png","frame":{"x":5,"y":1}}},"tile212":{"ground1":{"texture":"tiles1.png","frame":{"x":0,"y":0}}},"tile242":{"ground1":{"texture":"tiles1.png","frame":{"x":0,"y":0}}},"tile272":{"ground1":{"texture":"tiles1.png","frame":{"x":0,"y":0}}},"tile302":{"ground1":{"texture":"tiles1.png","frame":{"x":0,"y":0}},"info":{"type":0}},"tile332":{"ground1":{"texture":"tiles1.png","frame":{"x":0,"y":0}},"mask1":{"texture":"tiles1.png","frame":{"x":1,"y":5}},"info":{"type":1}},"tile362":{"ground1":{"texture":"tiles1.png","frame":{"x":0,"y":0}},"mask1":null,"info":{"type":1}},"tile392":{"ground1":{"texture":"tiles1.png","frame":{"x":0,"y":0}},"mask1":{"texture":"tiles1.png","frame":{"x":1,"y":7}},"info":{"type":1},"fringeShadow":{"texture":"tiles1.png","frame":{"x":0,"y":30}}},"tile422":{"ground1":{"texture":"tiles1.png","frame":{"x":0,"y":0}},"info":{"type":1},"mask1":{"texture":"tiles1.png","frame":{"x":3,"y":12}},"fringeShadow":{"texture":"tiles1.png","frame":{"x":0,"y":28}}},"tile452":{"ground1":{"texture":"tiles1.png","frame":{"x":0,"y":0}},"mask2":{"texture":"tiles1.png","frame":{"x":1,"y":40}},"info":{"type":1},"fringeShadow":{"texture":"tiles1.png","frame":{"x":0,"y":28}}},"tile482":{"ground1":{"texture":"tiles1.png","frame":{"x":0,"y":0}},"mask2":{"texture":"tiles1.png","frame":{"x":1,"y":40}},"ground2":{"texture":"tiles1.png","frame":{"x":2,"y":0}},"info":{"type":1}},"tile512":{"ground1":{"texture":"tiles1.png","frame":{"x":0,"y":0}},"ground2":{"texture":"tiles1.png","frame":{"x":2,"y":0}}},"tile542":{"ground1":{"texture":"tiles1.png","frame":{"x":0,"y":0}}},"tile572":{"ground1":{"texture":"tiles1.png","frame":{"x":0,"y":0}}},"tile3":{"ground1":{"texture":"tiles1.png","frame":{"x":0,"y":0}}},"tile33":{"ground1":{"texture":"tiles1.png","frame":{"x":0,"y":0}}},"tile63":{"ground1":{"texture":"tiles1.png","frame":{"x":0,"y":0}}},"tile93":{"ground1":{"texture":"tiles1.png","frame":{"x":0,"y":0}}},"tile123":{"ground1":{"texture":"tiles1.png","frame":{"x":0,"y":0}},"info":{"type":0}},"tile153":{"ground1":{"texture":"tiles1.png","frame":{"x":0,"y":0}},"ground2":{"texture":"tiles1.png","frame":{"x":2,"y":0}},"info":{"type":0},"mask3":{"texture":"items1.png","frame":{"x":6,"y":2}}},"tile183":{"ground1":{"texture":"tiles1.png","frame":{"x":0,"y":0}}},"tile213":{"ground1":{"texture":"tiles1.png","frame":{"x":0,"y":0}}},"tile243":{"ground1":{"texture":"tiles1.png","frame":{"x":0,"y":0}}},"tile273":{"ground1":{"texture":"tiles1.png","frame":{"x":0,"y":0}},"mask1":{"texture":"tiles1.png","frame":{"x":0,"y":5}},"info":{"type":1}},"tile303":{"ground1":{"texture":"tiles1.png","frame":{"x":0,"y":0}},"mask1":{"texture":"tiles1.png","frame":{"x":0,"y":6}},"info":{"type":1}},"tile333":{"ground1":{"texture":"tiles1.png","frame":{"x":0,"y":0}},"mask1":{"texture":"tiles1.png","frame":{"x":1,"y":5}},"info":{"type":1}},"tile363":{"ground1":{"texture":"tiles1.png","frame":{"x":0,"y":0}},"info":{"type":1}},"tile393":{"ground1":{"texture":"tiles1.png","frame":{"x":0,"y":0}},"mask1":{"texture":"tiles1.png","frame":{"x":1,"y":7}},"info":{"type":1},"fringeShadow":{"texture":"tiles1.png","frame":{"x":0,"y":30}}},"tile423":{"ground1":{"texture":"tiles1.png","frame":{"x":0,"y":0}},"info":{"type":1},"mask1":{"texture":"tiles1.png","frame":{"x":3,"y":12}},"fringeShadow":{"texture":"tiles1.png","frame":{"x":0,"y":28}}},"tile453":{"ground1":{"texture":"tiles1.png","frame":{"x":0,"y":0}},"mask2":{"texture":"tiles1.png","frame":{"x":1,"y":37}},"info":{"type":1},"fringeShadow":{"texture":"tiles1.png","frame":{"x":0,"y":28}}},"tile483":{"ground1":{"texture":"tiles1.png","frame":{"x":0,"y":0}},"mask2":{"texture":"tiles1.png","frame":{"x":1,"y":40}},"ground2":{"texture":"tiles1.png","frame":{"x":2,"y":0}},"info":{"type":1}},"tile513":{"ground1":{"texture":"tiles1.png","frame":{"x":0,"y":0}}},"tile543":{"ground1":{"texture":"tiles1.png","frame":{"x":0,"y":0}}},"tile573":{"ground1":{"texture":"tiles1.png","frame":{"x":0,"y":0}}},"tile4":{"ground1":{"texture":"tiles1.png","frame":{"x":0,"y":0}}},"tile34":{"ground1":{"texture":"tiles1.png","frame":{"x":0,"y":0}}},"tile64":{"ground1":{"texture":"tiles1.png","frame":{"x":0,"y":0}}},"tile94":{"ground1":{"texture":"tiles1.png","frame":{"x":0,"y":0}}},"tile124":{"ground1":{"texture":"tiles1.png","frame":{"x":0,"y":0}}},"tile154":{"ground1":{"texture":"tiles1.png","frame":{"x":0,"y":0}}},"tile184":{"ground1":{"texture":"tiles1.png","frame":{"x":0,"y":0}},"mask2":{"texture":"tiles1.png","frame":{"x":3,"y":1}}},"tile214":{"ground1":{"texture":"tiles1.png","frame":{"x":0,"y":0}}},"tile244":{"ground1":{"texture":"tiles1.png","frame":{"x":0,"y":0}},"mask2":{"texture":"tiles1.png","frame":{"x":4,"y":32}},"info":{"type":1}},"tile274":{"ground1":{"texture":"tiles1.png","frame":{"x":0,"y":0}},"mask1":{"texture":"tiles1.png","frame":{"x":1,"y":5}},"info":{"type":1}},"tile304":{"ground1":{"texture":"tiles1.png","frame":{"x":0,"y":0}},"info":{"type":1}},"tile334":{"ground1":{"texture":"tiles1.png","frame":{"x":0,"y":0}},"mask1":{"texture":"tiles1.png","frame":{"x":1,"y":5}},"info":{"type":1}},"tile364":{"ground1":{"texture":"tiles1.png","frame":{"x":0,"y":0}},"info":{"type":1}},"tile394":{"ground1":{"texture":"tiles1.png","frame":{"x":0,"y":0}},"mask1":{"texture":"tiles1.png","frame":{"x":1,"y":7}},"info":{"type":1},"fringeShadow":{"texture":"tiles1.png","frame":{"x":0,"y":30}}},"tile424":{"ground1":{"texture":"tiles1.png","frame":{"x":0,"y":0}},"mask1":{"texture":"tiles1.png","frame":{"x":3,"y":12}},"info":{"type":1},"fringeShadow":{"texture":"tiles1.png","frame":{"x":0,"y":28}}},"tile454":{"ground1":{"texture":"tiles1.png","frame":{"x":0,"y":0}},"mask2":{"texture":"tiles1.png","frame":{"x":1,"y":37}},"ground2":{"texture":"tiles1.png","frame":{"x":2,"y":0}},"info":{"type":1},"fringeShadow":{"texture":"tiles1.png","frame":{"x":0,"y":28}}},"tile484":{"ground1":{"texture":"tiles1.png","frame":{"x":0,"y":0}},"mask2":{"texture":"tiles1.png","frame":{"x":1,"y":37}},"info":{"type":1}},"tile514":{"ground1":{"texture":"tiles1.png","frame":{"x":0,"y":0}},"mask2":{"texture":"tiles1.png","frame":{"x":1,"y":37}},"ground2":{"texture":"tiles1.png","frame":{"x":2,"y":0}},"info":{"type":1}},"tile544":{"ground1":{"texture":"tiles1.png","frame":{"x":0,"y":0}}},"tile574":{"ground1":{"texture":"tiles1.png","frame":{"x":0,"y":0}}},"tile5":{"ground1":{"texture":"tiles1.png","frame":{"x":0,"y":0}}},"tile35":{"ground1":{"texture":"tiles1.png","frame":{"x":0,"y":0}}},"tile65":{"ground1":{"texture":"tiles1.png","frame":{"x":0,"y":0}}},"tile95":{"ground1":{"texture":"tiles1.png","frame":{"x":0,"y":0}}},"tile125":{"ground1":{"texture":"tiles1.png","frame":{"x":0,"y":0}}},"tile155":{"ground1":{"texture":"tiles1.png","frame":{"x":0,"y":0}},"mask2":{"texture":"tiles1.png","frame":{"x":3,"y":33}},"info":{"type":1}},"tile185":{"ground1":{"texture":"tiles1.png","frame":{"x":0,"y":0}}},"tile215":{"ground1":{"texture":"tiles1.png","frame":{"x":0,"y":0}}},"tile245":{"ground1":{"texture":"tiles1.png","frame":{"x":0,"y":0}},"info":{"type":1}},"tile275":{"ground1":{"texture":"tiles1.png","frame":{"x":0,"y":0}},"mask1":{"texture":"tiles1.png","frame":{"x":1,"y":5}},"info":{"type":1}},"tile305":{"ground1":{"texture":"tiles1.png","frame":{"x":0,"y":0}},"info":{"type":1}},"tile335":{"ground1":{"texture":"tiles1.png","frame":{"x":0,"y":0}},"mask1":{"texture":"tiles1.png","frame":{"x":2,"y":5}},"info":{"type":1}},"tile365":{"ground1":{"texture":"tiles1.png","frame":{"x":0,"y":0}},"mask1":{"texture":"tiles1.png","frame":{"x":2,"y":6}},"info":{"type":1}},"tile395":{"ground1":{"texture":"tiles1.png","frame":{"x":0,"y":0}},"mask1":{"texture":"tiles1.png","frame":{"x":2,"y":7}},"info":{"type":1},"fringeShadow":{"texture":"tiles1.png","frame":{"x":1,"y":32}}},"tile425":{"ground1":{"texture":"tiles1.png","frame":{"x":0,"y":0}},"mask1":{"texture":"tiles1.png","frame":{"x":4,"y":11}},"fringeShadow":{"texture":"tiles1.png","frame":{"x":0,"y":28}}},"tile455":{"ground1":{"texture":"tiles1.png","frame":{"x":0,"y":0}},"fringeShadow":{"texture":"tiles1.png","frame":{"x":6,"y":29}}},"tile485":{"ground1":{"texture":"tiles1.png","frame":{"x":0,"y":0}}},"tile515":{"ground1":{"texture":"tiles1.png","frame":{"x":0,"y":0}},"mask2":{"texture":"tiles1.png","frame":{"x":4,"y":33}},"info":{"type":1}},"tile545":{"ground1":{"texture":"tiles1.png","frame":{"x":0,"y":0}}},"tile575":{"ground1":{"texture":"tiles1.png","frame":{"x":0,"y":0}}},"tile6":{"ground1":{"texture":"tiles1.png","frame":{"x":0,"y":0}}},"tile36":{"ground1":{"texture":"tiles1.png","frame":{"x":0,"y":0}}},"tile66":{"ground1":{"texture":"tiles1.png","frame":{"x":0,"y":0}}},"tile96":{"ground1":{"texture":"tiles1.png","frame":{"x":0,"y":0}}},"tile126":{"ground1":{"texture":"tiles1.png","frame":{"x":0,"y":0}}},"tile156":{"ground1":{"texture":"tiles1.png","frame":{"x":0,"y":0}},"mask2":{"texture":"tiles1.png","frame":{"x":3,"y":33}},"info":{"type":1}},"tile186":{"ground1":{"texture":"tiles1.png","frame":{"x":0,"y":0}}},"tile216":{"ground1":{"texture":"tiles1.png","frame":{"x":0,"y":0}}},"tile246":{"ground1":{"texture":"tiles1.png","frame":{"x":0,"y":0}},"info":{"type":1}},"tile276":{"ground1":{"texture":"tiles1.png","frame":{"x":0,"y":0}},"mask1":{"texture":"tiles1.png","frame":{"x":1,"y":5}},"info":{"type":1}},"tile306":{"ground1":{"texture":"tiles1.png","frame":{"x":0,"y":0}},"info":{"type":1}},"tile336":{"ground1":{"texture":"tiles1.png","frame":{"x":0,"y":0}},"info":{"type":1}},"tile366":{"ground1":{"texture":"tiles1.png","frame":{"x":0,"y":0}},"mask2":{"texture":"tiles1.png","frame":{"x":1,"y":40}},"info":{"type":1}},"tile396":{"ground1":{"texture":"tiles1.png","frame":{"x":0,"y":0}},"mask2":{"texture":"tiles1.png","frame":{"x":1,"y":40}},"info":{"type":1}},"tile426":{"ground1":{"texture":"tiles1.png","frame":{"x":0,"y":0}},"mask2":{"texture":"tiles1.png","frame":{"x":1,"y":40}},"info":{"type":1}},"tile456":{"ground1":{"texture":"tiles1.png","frame":{"x":0,"y":0}}},"tile486":{"ground1":{"texture":"tiles1.png","frame":{"x":0,"y":0}}},"tile516":{"ground1":{"texture":"tiles1.png","frame":{"x":0,"y":0}}},"tile546":{"ground1":{"texture":"tiles1.png","frame":{"x":0,"y":0}}},"tile576":{"ground1":{"texture":"tiles1.png","frame":{"x":0,"y":0}}},"tile7":{"ground1":{"texture":"tiles1.png","frame":{"x":0,"y":0}},"fringeShadow":{"texture":"tiles1.png","frame":{"x":0,"y":28}}},"tile37":{"ground1":{"texture":"tiles1.png","frame":{"x":0,"y":0}},"fringeShadow":{"texture":"tiles1.png","frame":{"x":0,"y":28}}},"tile67":{"ground1":{"texture":"tiles1.png","frame":{"x":0,"y":0}},"mask2":null,"fringeShadow":{"texture":"tiles1.png","frame":{"x":0,"y":28}}},"tile97":{"ground1":{"texture":"tiles1.png","frame":{"x":0,"y":0}},"mask2":null,"fringeShadow":{"texture":"tiles1.png","frame":{"x":5,"y":29}}},"tile127":{"ground1":{"texture":"tiles1.png","frame":{"x":0,"y":0}}},"tile157":{"ground1":{"texture":"tiles1.png","frame":{"x":0,"y":0}},"mask2":{"texture":"tiles1.png","frame":{"x":3,"y":33}},"info":{"type":1}},"tile187":{"ground1":{"texture":"tiles1.png","frame":{"x":0,"y":0}}},"tile217":{"ground1":{"texture":"tiles1.png","frame":{"x":0,"y":0}},"mask2":null},"tile247":{"ground1":{"texture":"tiles1.png","frame":{"x":0,"y":0}},"info":{"type":0}},"tile277":{"ground1":{"texture":"tiles1.png","frame":{"x":0,"y":0}},"mask1":{"texture":"tiles1.png","frame":{"x":2,"y":5}},"info":{"type":1}},"tile307":{"ground1":{"texture":"tiles1.png","frame":{"x":0,"y":0}},"mask1":{"texture":"tiles1.png","frame":{"x":2,"y":6}},"info":{"type":1}},"tile337":{"ground1":{"texture":"tiles1.png","frame":{"x":0,"y":0}},"mask1":{"texture":"tiles1.png","frame":{"x":2,"y":6}},"info":{"type":1}},"tile367":{"ground1":{"texture":"tiles1.png","frame":{"x":0,"y":0}},"mask1":{"texture":"tiles1.png","frame":{"x":2,"y":6}},"info":{"type":1},"mask2":{"texture":"tiles1.png","frame":{"x":1,"y":40}}},"tile397":{"ground1":{"texture":"tiles1.png","frame":{"x":0,"y":0}},"mask1":{"texture":"tiles1.png","frame":{"x":2,"y":6}},"info":{"type":1},"mask2":null},"tile427":{"ground1":{"texture":"tiles1.png","frame":{"x":0,"y":0}},"mask1":{"texture":"tiles1.png","frame":{"x":2,"y":6}},"mask2":{"texture":"tiles1.png","frame":{"x":1,"y":40}},"info":{"type":1}},"tile457":{"ground1":{"texture":"tiles1.png","frame":{"x":0,"y":0}},"mask1":{"texture":"tiles1.png","frame":{"x":2,"y":6}}},"tile487":{"ground1":{"texture":"tiles1.png","frame":{"x":0,"y":0}},"mask1":{"texture":"tiles1.png","frame":{"x":4,"y":5}}},"tile517":{"ground1":{"texture":"tiles1.png","frame":{"x":0,"y":0}},"mask1":null},"tile547":{"ground1":{"texture":"tiles1.png","frame":{"x":0,"y":0}}},"tile577":{"ground1":{"texture":"tiles1.png","frame":{"x":0,"y":0}}},"tile8":{"ground1":{"texture":"tiles1.png","frame":{"x":0,"y":0}},"mask1":{"texture":"tiles1.png","frame":{"x":0,"y":7}},"info":{"type":1},"fringeShadow":{"texture":"tiles1.png","frame":{"x":0,"y":32}}},"tile38":{"ground1":{"texture":"tiles1.png","frame":{"x":0,"y":0}},"mask1":{"texture":"tiles1.png","frame":{"x":0,"y":8}},"info":{"type":1},"fringeShadow":{"texture":"tiles1.png","frame":{"x":0,"y":28}}},"tile68":{"ground1":{"texture":"tiles1.png","frame":{"x":0,"y":0}},"mask1":{"texture":"tiles1.png","frame":{"x":2,"y":12}},"fringeShadow":{"texture":"tiles1.png","frame":{"x":0,"y":28}}},"tile98":{"ground1":{"texture":"tiles1.png","frame":{"x":0,"y":0}},"mask2":{"texture":"tiles1.png","frame":{"x":3,"y":33}},"info":{"type":1},"fringeShadow":{"texture":"tiles1.png","frame":{"x":0,"y":28}}},"tile128":{"ground1":{"texture":"tiles1.png","frame":{"x":0,"y":0}},"mask2":{"texture":"tiles1.png","frame":{"x":3,"y":33}},"info":{"type":1}},"tile158":{"ground1":{"texture":"tiles1.png","frame":{"x":0,"y":0}},"mask2":{"texture":"tiles1.png","frame":{"x":3,"y":33}},"info":{"type":1}},"tile188":{"ground1":{"texture":"tiles1.png","frame":{"x":0,"y":0}},"mask2":{"texture":"tiles1.png","frame":{"x":3,"y":33}},"info":{"type":1}},"tile218":{"ground1":{"texture":"tiles1.png","frame":{"x":0,"y":0}},"mask1":null},"tile248":{"ground1":{"texture":"tiles1.png","frame":{"x":0,"y":0}}},"tile278":{"ground1":{"texture":"tiles1.png","frame":{"x":0,"y":0}},"info":{"type":0}},"tile308":{"ground1":{"texture":"tiles1.png","frame":{"x":0,"y":0}}},"tile338":{"ground1":{"texture":"tiles1.png","frame":{"x":0,"y":0}},"info":{"type":0}},"tile368":{"ground1":{"texture":"tiles1.png","frame":{"x":0,"y":0}},"info":{"type":0}},"tile398":{"ground1":{"texture":"tiles1.png","frame":{"x":0,"y":0}},"mask3":{"texture":"items1.png","frame":{"x":13,"y":6}}},"tile428":{"ground1":{"texture":"tiles1.png","frame":{"x":0,"y":0}},"info":{"type":0}},"tile458":{"ground1":{"texture":"tiles1.png","frame":{"x":0,"y":0}},"info":{"type":0}},"tile488":{"ground1":{"texture":"tiles1.png","frame":{"x":0,"y":0}},"mask1":{"texture":"tiles1.png","frame":{"x":1,"y":5}},"ground2":{"texture":"tiles1.png","frame":{"x":2,"y":0}}},"tile518":{"ground1":{"texture":"tiles1.png","frame":{"x":0,"y":0}},"ground2":{"texture":"tiles1.png","frame":{"x":2,"y":0}}},"tile548":{"ground1":{"texture":"tiles1.png","frame":{"x":0,"y":0}},"mask2":null},"tile578":{"ground1":{"texture":"tiles1.png","frame":{"x":0,"y":0}}},"tile9":{"ground1":{"texture":"tiles1.png","frame":{"x":0,"y":0}},"mask1":{"texture":"tiles1.png","frame":{"x":1,"y":7}},"fringeShadow":{"texture":"tiles1.png","frame":{"x":0,"y":30}}},"tile39":{"ground1":{"texture":"tiles1.png","frame":{"x":0,"y":0}},"mask1":{"texture":"tiles1.png","frame":{"x":1,"y":8}},"info":{"type":1},"fringeShadow":{"texture":"tiles1.png","frame":{"x":0,"y":28}}},"tile69":{"ground1":{"texture":"tiles1.png","frame":{"x":0,"y":0}},"mask1":{"texture":"tiles1.png","frame":{"x":3,"y":12}},"info":{"type":1},"fringeShadow":{"texture":"tiles1.png","frame":{"x":0,"y":28}}},"tile99":{"ground1":{"texture":"tiles1.png","frame":{"x":0,"y":0}},"mask2":{"texture":"tiles1.png","frame":{"x":3,"y":33}},"info":{"type":1},"fringeShadow":{"texture":"tiles1.png","frame":{"x":0,"y":28}}},"tile129":{"ground1":{"texture":"tiles1.png","frame":{"x":0,"y":0}},"mask2":{"texture":"tiles1.png","frame":{"x":1,"y":37}},"info":{"type":1},"fringeShadow":null},"tile159":{"ground1":{"texture":"tiles1.png","frame":{"x":0,"y":0}},"mask2":{"texture":"tiles1.png","frame":{"x":3,"y":33}},"info":{"type":1},"fringeShadow":{"texture":"tiles1.png","frame":{"x":5,"y":28}}},"tile189":{"ground1":{"texture":"tiles1.png","frame":{"x":0,"y":0}},"mask2":{"texture":"tiles1.png","frame":{"x":3,"y":33}},"info":{"type":1},"fringeShadow":{"texture":"tiles1.png","frame":{"x":0,"y":28}}},"tile219":{"ground1":{"texture":"tiles1.png","frame":{"x":0,"y":0}},"fringeShadow":{"texture":"tiles1.png","frame":{"x":0,"y":28}}},"tile249":{"ground1":{"texture":"tiles1.png","frame":{"x":0,"y":0}},"fringeShadow":{"texture":"tiles1.png","frame":{"x":0,"y":28}}},"tile279":{"ground1":{"texture":"tiles1.png","frame":{"x":0,"y":0}},"fringeShadow":{"texture":"tiles1.png","frame":{"x":0,"y":28}}},"tile309":{"ground1":{"texture":"tiles1.png","frame":{"x":0,"y":0}},"fringeShadow":{"texture":"tiles1.png","frame":{"x":0,"y":28}}},"tile339":{"ground1":{"texture":"tiles1.png","frame":{"x":0,"y":0}},"fringe1":null,"fringeShadow":{"texture":"tiles1.png","frame":{"x":5,"y":29}},"fringe3":{"texture":"tiles1.png","frame":{"x":0,"y":41}}},"tile369":{"ground1":{"texture":"tiles1.png","frame":{"x":0,"y":0}},"mask2":{"texture":"tiles1.png","frame":{"x":0,"y":42}},"info":{"type":1},"groundShadow":{"texture":"tiles1.png","frame":{"x":0,"y":28}}},"tile399":{"ground1":{"texture":"tiles1.png","frame":{"x":0,"y":0}},"fringeShadow":null},"tile429":{"ground1":{"texture":"tiles1.png","frame":{"x":0,"y":0}}},"tile459":{"ground1":{"texture":"tiles1.png","frame":{"x":0,"y":0}},"mask1":null},"tile489":{"ground1":{"texture":"tiles1.png","frame":{"x":0,"y":0}},"mask1":{"texture":"tiles1.png","frame":{"x":1,"y":5}},"info":{"type":1},"mask2":{"texture":"tiles1.png","frame":{"x":1,"y":40}}},"tile519":{"ground1":{"texture":"tiles1.png","frame":{"x":0,"y":0}},"ground2":{"texture":"tiles1.png","frame":{"x":1,"y":1}},"mask2":{"texture":"tiles1.png","frame":{"x":1,"y":40}},"info":{"type":1}},"tile549":{"ground1":{"texture":"tiles1.png","frame":{"x":0,"y":0}},"mask2":null},"tile579":{"ground1":{"texture":"tiles1.png","frame":{"x":0,"y":0}}},"tile10":{"ground1":{"texture":"tiles1.png","frame":{"x":0,"y":0}},"mask1":{"texture":"tiles1.png","frame":{"x":1,"y":7}},"fringeShadow":{"texture":"tiles1.png","frame":{"x":0,"y":30}}},"tile40":{"ground1":{"texture":"tiles1.png","frame":{"x":0,"y":0}},"mask1":{"texture":"tiles1.png","frame":{"x":1,"y":8}},"info":{"type":1},"fringeShadow":{"texture":"tiles1.png","frame":{"x":0,"y":28}}},"tile70":{"ground1":{"texture":"tiles1.png","frame":{"x":0,"y":0}},"mask1":{"texture":"tiles1.png","frame":{"x":3,"y":12}},"info":{"type":1},"fringeShadow":{"texture":"tiles1.png","frame":{"x":0,"y":28}}},"tile100":{"ground1":{"texture":"tiles1.png","frame":{"x":0,"y":0}},"mask1":{"texture":"tiles1.png","frame":{"x":0,"y":5}},"fringeShadow":null,"groundShadow":{"texture":"tiles1.png","frame":{"x":0,"y":28}},"ground2":null},"tile130":{"ground1":{"texture":"tiles1.png","frame":{"x":0,"y":0}},"mask1":{"texture":"tiles1.png","frame":{"x":0,"y":6}}},"tile160":{"ground1":{"texture":"tiles1.png","frame":{"x":0,"y":0}},"mask1":{"texture":"tiles1.png","frame":{"x":0,"y":6}}},"tile190":{"ground1":{"texture":"tiles1.png","frame":{"x":0,"y":0}},"mask1":{"texture":"tiles1.png","frame":{"x":0,"y":6}}},"tile220":{"ground1":{"texture":"tiles1.png","frame":{"x":0,"y":0}},"mask1":{"texture":"tiles1.png","frame":{"x":0,"y":6}}},"tile250":{"ground1":{"texture":"tiles1.png","frame":{"x":0,"y":0}},"mask1":{"texture":"tiles1.png","frame":{"x":0,"y":7}},"info":{"type":1},"fringeShadow":{"texture":"tiles1.png","frame":{"x":0,"y":32}}},"tile280":{"ground1":{"texture":"tiles1.png","frame":{"x":0,"y":0}},"mask1":{"texture":"tiles1.png","frame":{"x":0,"y":8}},"info":{"type":1},"fringeShadow":{"texture":"tiles1.png","frame":{"x":0,"y":28}}},"tile310":{"ground1":{"texture":"tiles1.png","frame":{"x":0,"y":0}},"mask1":{"texture":"tiles1.png","frame":{"x":2,"y":12}},"fringeShadow":{"texture":"tiles1.png","frame":{"x":0,"y":28}}},"tile340":{"ground1":{"texture":"tiles1.png","frame":{"x":0,"y":0}},"fringe1":null,"fringeShadow":{"texture":"tiles1.png","frame":{"x":0,"y":28}},"fringe3":{"texture":"tiles1.png","frame":{"x":1,"y":41}}},"tile370":{"ground1":{"texture":"tiles1.png","frame":{"x":0,"y":0}},"mask2":{"texture":"tiles1.png","frame":{"x":1,"y":42}},"info":{"type":1},"groundShadow":{"texture":"tiles1.png","frame":{"x":0,"y":28}}},"tile400":{"ground1":{"texture":"tiles1.png","frame":{"x":0,"y":0}}},"tile430":{"ground1":{"texture":"tiles1.png","frame":{"x":0,"y":0}}},"tile460":{"ground1":{"texture":"tiles1.png","frame":{"x":0,"y":0}},"mask1":null},"tile490":{"ground1":{"texture":"tiles1.png","frame":{"x":0,"y":0}},"mask1":{"texture":"tiles1.png","frame":{"x":2,"y":5}},"info":{"type":1},"mask2":{"texture":"tiles1.png","frame":{"x":1,"y":40}}},"tile520":{"ground1":{"texture":"tiles1.png","frame":{"x":0,"y":0}},"mask1":{"texture":"tiles1.png","frame":{"x":2,"y":6}},"info":{"type":1},"mask2":{"texture":"tiles1.png","frame":{"x":1,"y":40}}},"tile550":{"ground1":{"texture":"tiles1.png","frame":{"x":0,"y":0}},"mask1":{"texture":"tiles1.png","frame":{"x":2,"y":6}},"info":{"type":1},"mask2":{"texture":"tiles1.png","frame":{"x":1,"y":40}}},"tile580":{"ground1":{"texture":"tiles1.png","frame":{"x":0,"y":0}},"mask1":{"texture":"tiles1.png","frame":{"x":2,"y":6}},"info":{"type":1}},"tile11":{"ground1":{"texture":"tiles1.png","frame":{"x":0,"y":0}},"mask1":{"texture":"tiles1.png","frame":{"x":3,"y":6}}},"tile41":{"ground1":{"texture":"tiles1.png","frame":{"x":0,"y":0}},"mask1":{"texture":"tiles1.png","frame":{"x":0,"y":6}}},"tile71":{"ground1":{"texture":"tiles1.png","frame":{"x":0,"y":0}},"mask1":{"texture":"tiles1.png","frame":{"x":0,"y":6}}},"tile101":{"ground1":{"texture":"tiles1.png","frame":{"x":0,"y":0}},"mask1":{"texture":"tiles1.png","frame":{"x":3,"y":5}}},"tile131":{"ground1":{"texture":"tiles1.png","frame":{"x":0,"y":0}}},"tile161":{"ground1":{"texture":"tiles1.png","frame":{"x":0,"y":0}}},"tile191":{"ground1":{"texture":"tiles1.png","frame":{"x":0,"y":0}}},"tile221":{"ground1":{"texture":"tiles1.png","frame":{"x":0,"y":0}}},"tile251":{"ground1":{"texture":"tiles1.png","frame":{"x":0,"y":0}},"mask1":{"texture":"tiles1.png","frame":{"x":1,"y":7}},"info":{"type":1},"fringeShadow":{"texture":"tiles1.png","frame":{"x":0,"y":30}}},"tile281":{"ground1":{"texture":"tiles1.png","frame":{"x":0,"y":0}},"mask1":{"texture":"tiles1.png","frame":{"x":1,"y":8}},"info":{"type":1},"fringeShadow":{"texture":"tiles1.png","frame":{"x":0,"y":28}}},"tile311":{"ground1":{"texture":"tiles1.png","frame":{"x":0,"y":0}},"mask1":{"texture":"tiles1.png","frame":{"x":3,"y":12}},"info":{"type":1},"fringeShadow":{"texture":"tiles1.png","frame":{"x":0,"y":28}}},"tile341":{"ground1":{"texture":"tiles1.png","frame":{"x":0,"y":0}},"fringe1":null,"fringeShadow":{"texture":"tiles1.png","frame":{"x":0,"y":28}},"fringe3":{"texture":"tiles1.png","frame":{"x":2,"y":41}}},"tile371":{"ground1":{"texture":"tiles1.png","frame":{"x":0,"y":0}},"mask2":{"texture":"tiles1.png","frame":{"x":2,"y":42}},"info":{"type":1},"groundShadow":{"texture":"tiles1.png","frame":{"x":3,"y":30}},"fringeShadow":null},"tile401":{"ground1":{"texture":"tiles1.png","frame":{"x":0,"y":0}}},"tile431":{"ground1":{"texture":"tiles1.png","frame":{"x":0,"y":0}}},"tile461":{"ground1":{"texture":"tiles1.png","frame":{"x":0,"y":0}}},"tile491":{"ground1":{"texture":"tiles1.png","frame":{"x":0,"y":0}}},"tile521":{"ground1":{"texture":"tiles1.png","frame":{"x":0,"y":0}},"mask2":{"texture":"tiles1.png","frame":{"x":1,"y":38}},"info":{"type":1}},"tile551":{"ground1":{"texture":"tiles1.png","frame":{"x":0,"y":0}},"mask2":{"texture":"tiles1.png","frame":{"x":1,"y":38}},"info":{"type":1}},"tile581":{"ground1":{"texture":"tiles1.png","frame":{"x":0,"y":0}}},"tile12":{"ground1":{"texture":"tiles1.png","frame":{"x":0,"y":0}}},"tile42":{"ground1":{"texture":"tiles1.png","frame":{"x":0,"y":0}},"mask1":null},"tile72":{"ground1":{"texture":"tiles1.png","frame":{"x":0,"y":0}}},"tile102":{"ground1":{"texture":"tiles1.png","frame":{"x":0,"y":0}}},"tile132":{"ground1":{"texture":"tiles1.png","frame":{"x":0,"y":0}},"mask2":{"texture":"tiles1.png","frame":{"x":4,"y":32}},"info":{"type":1}},"tile162":{"ground1":{"texture":"tiles1.png","frame":{"x":0,"y":0}}},"tile192":{"ground1":{"texture":"tiles1.png","frame":{"x":0,"y":0}}},"tile222":{"ground1":{"texture":"tiles1.png","frame":{"x":0,"y":0}}},"tile252":{"ground1":{"texture":"tiles1.png","frame":{"x":0,"y":0}},"mask1":{"texture":"tiles1.png","frame":{"x":1,"y":7}},"info":{"type":1},"fringeShadow":{"texture":"tiles1.png","frame":{"x":0,"y":30}}},"tile282":{"ground1":{"texture":"tiles1.png","frame":{"x":0,"y":0}},"mask1":{"texture":"tiles1.png","frame":{"x":1,"y":8}},"info":{"type":1},"fringeShadow":{"texture":"tiles1.png","frame":{"x":0,"y":28}}},"tile312":{"ground1":{"texture":"tiles1.png","frame":{"x":0,"y":0}},"mask1":{"texture":"tiles1.png","frame":{"x":3,"y":12}},"info":{"type":1},"fringeShadow":{"texture":"tiles1.png","frame":{"x":0,"y":28}}},"tile342":{"ground1":{"texture":"tiles1.png","frame":{"x":0,"y":0}},"fringeShadow":{"texture":"tiles1.png","frame":{"x":0,"y":28}}},"tile372":{"ground1":{"texture":"tiles1.png","frame":{"x":0,"y":0}}},"tile402":{"ground1":{"texture":"tiles1.png","frame":{"x":0,"y":0}}},"tile432":{"ground1":{"texture":"tiles1.png","frame":{"x":0,"y":0}}},"tile462":{"ground1":{"texture":"tiles1.png","frame":{"x":0,"y":0}},"info":{"type":1}},"tile492":{"ground1":{"texture":"tiles1.png","frame":{"x":0,"y":0}},"ground2":{"texture":"tiles1.png","frame":{"x":1,"y":1}}},"tile522":{"ground1":{"texture":"tiles1.png","frame":{"x":0,"y":0}}},"tile552":{"ground1":{"texture":"tiles1.png","frame":{"x":0,"y":0}}},"tile582":{"ground1":{"texture":"tiles1.png","frame":{"x":0,"y":0}},"mask2":{"texture":"tiles1.png","frame":{"x":1,"y":38}},"info":{"type":1}},"tile13":{"ground1":{"texture":"tiles1.png","frame":{"x":0,"y":0}},"mask2":{"texture":"tiles1.png","frame":{"x":4,"y":33}},"info":{"type":1}},"tile43":{"ground1":{"texture":"tiles1.png","frame":{"x":0,"y":0}}},"tile73":{"ground1":{"texture":"tiles1.png","frame":{"x":0,"y":0}}},"tile103":{"ground1":{"texture":"tiles1.png","frame":{"x":0,"y":0}}},"tile133":{"ground1":{"texture":"tiles1.png","frame":{"x":0,"y":0}}},"tile163":{"ground1":{"texture":"tiles1.png","frame":{"x":0,"y":0}}},"tile193":{"ground1":{"texture":"tiles1.png","frame":{"x":0,"y":0}},"ground2":{"texture":"tiles1.png","frame":{"x":1,"y":1}}},"tile223":{"ground1":{"texture":"tiles1.png","frame":{"x":0,"y":0}}},"tile253":{"ground1":{"texture":"tiles1.png","frame":{"x":0,"y":0}},"mask1":{"texture":"tiles1.png","frame":{"x":1,"y":13}},"fringeShadow":{"texture":"tiles1.png","frame":{"x":0,"y":30}}},"tile283":{"ground1":{"texture":"tiles1.png","frame":{"x":0,"y":0}},"mask1":{"texture":"tiles1.png","frame":{"x":1,"y":14}},"fringeShadow":{"texture":"tiles1.png","frame":{"x":0,"y":28}}},"tile313":{"ground1":{"texture":"tiles1.png","frame":{"x":0,"y":0}},"mask1":{"texture":"tiles1.png","frame":{"x":1,"y":14}},"fringeShadow":{"texture":"tiles1.png","frame":{"x":0,"y":28}}},"tile343":{"ground1":{"texture":"tiles1.png","frame":{"x":0,"y":0}},"mask1":{"texture":"tiles1.png","frame":{"x":1,"y":15}},"fringeShadow":{"texture":"tiles1.png","frame":{"x":0,"y":28}}},"tile373":{"ground1":{"texture":"tiles1.png","frame":{"x":0,"y":0}}},"tile403":{"ground1":{"texture":"tiles1.png","frame":{"x":0,"y":0}}},"tile433":{"ground1":{"texture":"tiles1.png","frame":{"x":0,"y":0}}},"tile463":{"ground1":{"texture":"tiles1.png","frame":{"x":0,"y":0}},"fringe2":null},"tile493":{"ground1":{"texture":"tiles1.png","frame":{"x":0,"y":0}}},"tile523":{"ground1":{"texture":"tiles1.png","frame":{"x":0,"y":0}}},"tile553":{"ground1":{"texture":"tiles1.png","frame":{"x":0,"y":0}}},"tile583":{"ground1":{"texture":"tiles1.png","frame":{"x":0,"y":0}}},"tile14":{"ground1":{"texture":"tiles1.png","frame":{"x":0,"y":0}}},"tile44":{"ground1":{"texture":"tiles1.png","frame":{"x":0,"y":0}}},"tile74":{"ground1":{"texture":"tiles1.png","frame":{"x":0,"y":0}}},"tile104":{"ground1":{"texture":"tiles1.png","frame":{"x":0,"y":0}}},"tile134":{"ground1":{"texture":"tiles1.png","frame":{"x":0,"y":0}}},"tile164":{"ground1":{"texture":"tiles1.png","frame":{"x":0,"y":0}}},"tile194":{"ground1":{"texture":"tiles1.png","frame":{"x":0,"y":0}}},"tile224":{"ground1":{"texture":"tiles1.png","frame":{"x":0,"y":0}}},"tile254":{"ground1":{"texture":"tiles1.png","frame":{"x":0,"y":0}},"mask1":{"texture":"tiles1.png","frame":{"x":1,"y":13}},"fringeShadow":{"texture":"tiles1.png","frame":{"x":0,"y":30}}},"tile284":{"ground1":{"texture":"tiles1.png","frame":{"x":0,"y":0}},"mask1":{"texture":"tiles1.png","frame":{"x":1,"y":14}},"fringeShadow":{"texture":"tiles1.png","frame":{"x":0,"y":28}}},"tile314":{"ground1":{"texture":"tiles1.png","frame":{"x":0,"y":0}},"mask1":{"texture":"tiles1.png","frame":{"x":1,"y":14}},"fringeShadow":{"texture":"tiles1.png","frame":{"x":0,"y":28}}},"tile344":{"ground1":{"texture":"tiles1.png","frame":{"x":0,"y":0}},"mask1":{"texture":"tiles1.png","frame":{"x":1,"y":15}},"fringeShadow":{"texture":"tiles1.png","frame":{"x":0,"y":28}}},"tile374":{"ground1":{"texture":"tiles1.png","frame":{"x":0,"y":0}}},"tile404":{"ground1":{"texture":"tiles1.png","frame":{"x":0,"y":0}}},"tile434":{"ground1":{"texture":"tiles1.png","frame":{"x":0,"y":0}},"ground2":{"texture":"tiles1.png","frame":{"x":0,"y":2}}},"tile464":{"ground1":{"texture":"tiles1.png","frame":{"x":0,"y":0}},"fringe2":null,"ground2":{"texture":"tiles1.png","frame":{"x":0,"y":3}}},"tile494":{"ground1":{"texture":"tiles1.png","frame":{"x":0,"y":0}},"ground2":{"texture":"tiles1.png","frame":{"x":0,"y":3}}},"tile524":{"ground1":{"texture":"tiles1.png","frame":{"x":0,"y":0}},"mask2":{"texture":"tiles1.png","frame":{"x":4,"y":32}},"ground2":{"texture":"tiles1.png","frame":{"x":0,"y":3}},"info":{"type":1},"groundShadow":null},"tile554":{"ground1":{"texture":"tiles1.png","frame":{"x":0,"y":0}},"ground2":{"texture":"tiles1.png","frame":{"x":0,"y":3}},"groundShadow":null},"tile584":{"ground1":{"texture":"tiles1.png","frame":{"x":0,"y":0}},"ground2":{"texture":"tiles1.png","frame":{"x":0,"y":3}}},"tile15":{"ground1":{"texture":"tiles1.png","frame":{"x":0,"y":0}}},"tile45":{"ground1":{"texture":"tiles1.png","frame":{"x":0,"y":0}}},"tile75":{"ground1":{"texture":"tiles1.png","frame":{"x":0,"y":0}}},"tile105":{"ground1":{"texture":"tiles1.png","frame":{"x":0,"y":0}}},"tile135":{"ground1":{"texture":"tiles1.png","frame":{"x":0,"y":0}},"ground2":{"texture":"tiles1.png","frame":{"x":1,"y":1}}},"tile165":{"ground1":{"texture":"tiles1.png","frame":{"x":0,"y":0}}},"tile195":{"ground1":{"texture":"tiles1.png","frame":{"x":0,"y":0}}},"tile225":{"ground1":{"texture":"tiles1.png","frame":{"x":0,"y":0}}},"tile255":{"ground1":{"texture":"tiles1.png","frame":{"x":0,"y":0}},"mask1":{"texture":"tiles1.png","frame":{"x":1,"y":7}},"info":{"type":1},"fringeShadow":{"texture":"tiles1.png","frame":{"x":0,"y":30}}},"tile285":{"ground1":{"texture":"tiles1.png","frame":{"x":0,"y":0}},"mask1":{"texture":"tiles1.png","frame":{"x":1,"y":8}},"info":{"type":1},"fringeShadow":{"texture":"tiles1.png","frame":{"x":0,"y":28}}},"tile315":{"ground1":{"texture":"tiles1.png","frame":{"x":0,"y":0}},"mask1":{"texture":"tiles1.png","frame":{"x":3,"y":12}},"info":{"type":1},"fringeShadow":{"texture":"tiles1.png","frame":{"x":0,"y":28}}},"tile345":{"ground1":{"texture":"tiles1.png","frame":{"x":0,"y":0}},"fringeShadow":{"texture":"tiles1.png","frame":{"x":0,"y":28}}},"tile375":{"ground1":{"texture":"tiles1.png","frame":{"x":0,"y":0}}},"tile405":{"ground1":{"texture":"tiles1.png","frame":{"x":0,"y":0}}},"tile435":{"ground1":{"texture":"tiles1.png","frame":{"x":0,"y":0}},"ground2":{"texture":"tiles1.png","frame":{"x":1,"y":2}}},"tile465":{"ground1":{"texture":"tiles1.png","frame":{"x":0,"y":0}},"fringe2":null,"ground2":{"texture":"tiles1.png","frame":{"x":1,"y":3}}},"tile495":{"ground1":{"texture":"tiles1.png","frame":{"x":0,"y":0}},"ground2":{"texture":"tiles1.png","frame":{"x":1,"y":3}}},"tile525":{"ground1":{"texture":"tiles1.png","frame":{"x":0,"y":0}},"ground2":{"texture":"tiles1.png","frame":{"x":1,"y":3}}},"tile555":{"ground1":{"texture":"tiles1.png","frame":{"x":0,"y":0}},"ground2":{"texture":"tiles1.png","frame":{"x":1,"y":3}}},"tile585":{"ground1":{"texture":"tiles1.png","frame":{"x":0,"y":0}},"ground2":{"texture":"tiles1.png","frame":{"x":1,"y":3}}},"tile16":{"ground1":{"texture":"tiles1.png","frame":{"x":0,"y":0}},"ground2":{"texture":"tiles1.png","frame":{"x":4,"y":2}}},"tile46":{"ground1":{"texture":"tiles1.png","frame":{"x":0,"y":0}}},"tile76":{"ground1":{"texture":"tiles1.png","frame":{"x":0,"y":0}},"mask3":{"texture":"items1.png","frame":{"x":9,"y":6}}},"tile106":{"ground1":{"texture":"tiles1.png","frame":{"x":0,"y":0}}},"tile136":{"ground1":{"texture":"tiles1.png","frame":{"x":0,"y":0}},"mask1":{"texture":"tiles1.png","frame":{"x":4,"y":6}}},"tile166":{"ground1":{"texture":"tiles1.png","frame":{"x":0,"y":0}},"mask1":{"texture":"tiles1.png","frame":{"x":2,"y":6}}},"tile196":{"ground1":{"texture":"tiles1.png","frame":{"x":0,"y":0}},"mask1":{"texture":"tiles1.png","frame":{"x":2,"y":6}}},"tile226":{"ground1":{"texture":"tiles1.png","frame":{"x":0,"y":0}},"mask1":{"texture":"tiles1.png","frame":{"x":2,"y":6}}},"tile256":{"ground1":{"texture":"tiles1.png","frame":{"x":0,"y":0}},"mask1":{"texture":"tiles1.png","frame":{"x":2,"y":7}},"info":{"type":1},"fringeShadow":{"texture":"tiles1.png","frame":{"x":1,"y":32}}},"tile286":{"ground1":{"texture":"tiles1.png","frame":{"x":0,"y":0}},"mask1":{"texture":"tiles1.png","frame":{"x":2,"y":8}},"info":{"type":1},"fringeShadow":{"texture":"tiles1.png","frame":{"x":0,"y":28}}},"tile316":{"ground1":{"texture":"tiles1.png","frame":{"x":0,"y":0}},"mask1":{"texture":"tiles1.png","frame":{"x":4,"y":11}},"fringeShadow":{"texture":"tiles1.png","frame":{"x":0,"y":28}}},"tile346":{"ground1":{"texture":"tiles1.png","frame":{"x":0,"y":0}},"fringeShadow":{"texture":"tiles1.png","frame":{"x":6,"y":29}}},"tile376":{"ground1":{"texture":"tiles1.png","frame":{"x":0,"y":0}}},"tile406":{"ground1":{"texture":"tiles1.png","frame":{"x":0,"y":0}},"groundShadow":null},"tile436":{"ground1":{"texture":"tiles1.png","frame":{"x":0,"y":0}},"ground2":{"texture":"tiles1.png","frame":{"x":1,"y":2}}},"tile466":{"ground1":{"texture":"tiles1.png","frame":{"x":0,"y":0}},"fringe2":null,"ground2":{"texture":"tiles1.png","frame":{"x":1,"y":3}}},"tile496":{"ground1":{"texture":"tiles1.png","frame":{"x":0,"y":0}},"ground2":{"texture":"tiles1.png","frame":{"x":1,"y":3}}},"tile526":{"ground1":{"texture":"tiles1.png","frame":{"x":0,"y":0}},"ground2":{"texture":"tiles1.png","frame":{"x":1,"y":3}}},"tile556":{"ground1":{"texture":"tiles1.png","frame":{"x":0,"y":0}},"ground2":{"texture":"tiles1.png","frame":{"x":1,"y":3}}},"tile586":{"ground1":{"texture":"tiles1.png","frame":{"x":0,"y":0}},"ground2":{"texture":"tiles1.png","frame":{"x":1,"y":3}}},"tile17":{"ground1":{"texture":"tiles1.png","frame":{"x":0,"y":0}}},"tile47":{"ground1":{"texture":"tiles1.png","frame":{"x":0,"y":0}}},"tile77":{"ground1":{"texture":"tiles1.png","frame":{"x":0,"y":0}}},"tile107":{"ground1":{"texture":"tiles1.png","frame":{"x":0,"y":0}}},"tile137":{"ground1":{"texture":"tiles1.png","frame":{"x":0,"y":0}},"mask1":{"texture":"tiles1.png","frame":{"x":1,"y":7}},"info":{"type":1},"fringeShadow":{"texture":"tiles1.png","frame":{"x":0,"y":30}}},"tile167":{"ground1":{"texture":"tiles1.png","frame":{"x":0,"y":0}},"mask1":{"texture":"tiles1.png","frame":{"x":1,"y":8}},"info":{"type":1},"fringeShadow":{"texture":"tiles1.png","frame":{"x":0,"y":28}}},"tile197":{"ground1":{"texture":"tiles1.png","frame":{"x":0,"y":0}},"mask1":{"texture":"tiles1.png","frame":{"x":3,"y":12}},"info":{"type":1},"fringeShadow":{"texture":"tiles1.png","frame":{"x":0,"y":28}}},"tile227":{"ground1":{"texture":"tiles1.png","frame":{"x":0,"y":0}},"fringeShadow":{"texture":"tiles1.png","frame":{"x":0,"y":28}},"info":{"type":1}},"tile257":{"ground1":{"texture":"tiles1.png","frame":{"x":0,"y":0}},"info":{"type":1},"mask3":{"texture":"tiles1.png","frame":{"x":3,"y":33}}},"tile287":{"ground1":{"texture":"tiles1.png","frame":{"x":0,"y":0}}},"tile317":{"ground1":{"texture":"tiles1.png","frame":{"x":0,"y":0}}},"tile347":{"ground1":{"texture":"tiles1.png","frame":{"x":0,"y":0}}},"tile377":{"ground1":{"texture":"tiles1.png","frame":{"x":0,"y":0}}},"tile407":{"ground1":{"texture":"tiles1.png","frame":{"x":0,"y":0}}},"tile437":{"ground1":{"texture":"tiles1.png","frame":{"x":0,"y":0}},"ground2":{"texture":"tiles1.png","frame":{"x":1,"y":2}}},"tile467":{"ground1":{"texture":"tiles1.png","frame":{"x":0,"y":0}},"ground2":{"texture":"tiles1.png","frame":{"x":1,"y":3}}},"tile497":{"ground1":{"texture":"tiles1.png","frame":{"x":0,"y":0}},"ground2":{"texture":"tiles1.png","frame":{"x":1,"y":3}}},"tile527":{"ground1":{"texture":"tiles1.png","frame":{"x":0,"y":0}},"ground2":{"texture":"tiles1.png","frame":{"x":1,"y":3}}},"tile557":{"ground1":{"texture":"tiles1.png","frame":{"x":0,"y":0}},"ground2":{"texture":"tiles1.png","frame":{"x":4,"y":4}}},"tile587":{"ground1":{"texture":"tiles1.png","frame":{"x":0,"y":0}},"ground2":{"texture":"tiles1.png","frame":{"x":2,"y":3}}},"tile18":{"ground1":{"texture":"tiles1.png","frame":{"x":0,"y":0}}},"tile48":{"ground1":{"texture":"tiles1.png","frame":{"x":0,"y":0}},"ground2":{"texture":"tiles1.png","frame":{"x":3,"y":0}}},"tile78":{"ground1":{"texture":"tiles1.png","frame":{"x":0,"y":0}}},"tile108":{"ground1":{"texture":"tiles1.png","frame":{"x":0,"y":0}}},"tile138":{"ground1":{"texture":"tiles1.png","frame":{"x":0,"y":0}},"mask1":{"texture":"tiles1.png","frame":{"x":1,"y":7}},"info":{"type":1},"fringeShadow":{"texture":"tiles1.png","frame":{"x":0,"y":30}}},"tile168":{"ground1":{"texture":"tiles1.png","frame":{"x":0,"y":0}},"mask1":{"texture":"tiles1.png","frame":{"x":1,"y":8}},"info":{"type":1},"fringeShadow":{"texture":"tiles1.png","frame":{"x":0,"y":28}}},"tile198":{"ground1":{"texture":"tiles1.png","frame":{"x":0,"y":0}},"mask1":{"texture":"tiles1.png","frame":{"x":3,"y":12}},"info":{"type":1},"fringeShadow":{"texture":"tiles1.png","frame":{"x":0,"y":28}}},"tile228":{"ground1":{"texture":"tiles1.png","frame":{"x":0,"y":0}},"fringeShadow":{"texture":"tiles1.png","frame":{"x":0,"y":28}},"info":{"type":1},"mask3":{"texture":"tiles1.png","frame":{"x":3,"y":33}}},"tile258":{"ground1":{"texture":"tiles1.png","frame":{"x":0,"y":0}},"info":{"type":1},"mask3":{"texture":"tiles1.png","frame":{"x":3,"y":33}}},"tile288":{"ground1":{"texture":"tiles1.png","frame":{"x":0,"y":0}}},"tile318":{"ground1":{"texture":"tiles1.png","frame":{"x":0,"y":0}}},"tile348":{"ground1":{"texture":"tiles1.png","frame":{"x":0,"y":0}}},"tile378":{"ground1":{"texture":"tiles1.png","frame":{"x":0,"y":0}}},"tile408":{"ground1":{"texture":"tiles1.png","frame":{"x":0,"y":0}}},"tile438":{"ground1":{"texture":"tiles1.png","frame":{"x":0,"y":0}},"ground2":{"texture":"tiles1.png","frame":{"x":1,"y":2}}},"tile468":{"ground1":{"texture":"tiles1.png","frame":{"x":0,"y":0}},"fringe3":null,"ground2":{"texture":"tiles1.png","frame":{"x":1,"y":3}}},"tile498":{"ground1":{"texture":"tiles1.png","frame":{"x":0,"y":0}},"ground2":{"texture":"tiles1.png","frame":{"x":1,"y":3}}},"tile528":{"ground1":{"texture":"tiles1.png","frame":{"x":0,"y":0}},"ground2":{"texture":"tiles1.png","frame":{"x":1,"y":3}}},"tile558":{"ground1":{"texture":"tiles1.png","frame":{"x":0,"y":0}},"ground2":{"texture":"tiles1.png","frame":{"x":1,"y":4}}},"tile588":{"ground1":{"texture":"tiles1.png","frame":{"x":0,"y":0}},"ground2":{"texture":"tiles1.png","frame":{"x":4,"y":2}}},"tile19":{"ground1":{"texture":"tiles1.png","frame":{"x":0,"y":0}}},"tile49":{"ground1":{"texture":"tiles1.png","frame":{"x":0,"y":0}}},"tile79":{"ground1":{"texture":"tiles1.png","frame":{"x":0,"y":0}}},"tile109":{"ground1":{"texture":"tiles1.png","frame":{"x":0,"y":0}}},"tile139":{"ground1":{"texture":"tiles1.png","frame":{"x":0,"y":0}},"mask1":{"texture":"tiles1.png","frame":{"x":1,"y":7}},"info":{"type":1},"fringeShadow":{"texture":"tiles1.png","frame":{"x":0,"y":30}}},"tile169":{"ground1":{"texture":"tiles1.png","frame":{"x":0,"y":0}},"mask1":{"texture":"tiles1.png","frame":{"x":1,"y":8}},"info":{"type":1},"fringeShadow":{"texture":"tiles1.png","frame":{"x":0,"y":28}}},"tile199":{"ground1":{"texture":"tiles1.png","frame":{"x":0,"y":0}},"mask1":{"texture":"tiles1.png","frame":{"x":3,"y":12}},"info":{"type":1},"fringeShadow":{"texture":"tiles1.png","frame":{"x":0,"y":28}}},"tile229":{"ground1":{"texture":"tiles1.png","frame":{"x":0,"y":0}},"fringeShadow":{"texture":"tiles1.png","frame":{"x":0,"y":28}}},"tile259":{"ground1":{"texture":"tiles1.png","frame":{"x":0,"y":0}},"fringeShadow":{"texture":"tiles1.png","frame":{"x":0,"y":28}}},"tile289":{"ground1":{"texture":"tiles1.png","frame":{"x":0,"y":0}},"ground2":{"texture":"tiles1.png","frame":{"x":0,"y":2}},"fringeShadow":{"texture":"tiles1.png","frame":{"x":0,"y":28}}},"tile319":{"ground1":{"texture":"tiles1.png","frame":{"x":0,"y":0}},"ground2":{"texture":"tiles1.png","frame":{"x":0,"y":3}},"fringeShadow":{"texture":"tiles1.png","frame":{"x":0,"y":28}}},"tile349":{"ground1":{"texture":"tiles1.png","frame":{"x":0,"y":0}},"mask1":null,"ground2":{"texture":"tiles1.png","frame":{"x":0,"y":3}},"fringeShadow":{"texture":"tiles1.png","frame":{"x":0,"y":28}}},"tile379":{"ground1":{"texture":"tiles1.png","frame":{"x":0,"y":0}},"ground2":{"texture":"tiles1.png","frame":{"x":0,"y":3}},"fringeShadow":{"texture":"tiles1.png","frame":{"x":0,"y":28}}},"tile409":{"ground1":{"texture":"tiles1.png","frame":{"x":0,"y":0}},"ground2":{"texture":"tiles1.png","frame":{"x":0,"y":3}},"fringeShadow":{"texture":"tiles1.png","frame":{"x":0,"y":28}}},"tile439":{"ground1":{"texture":"tiles1.png","frame":{"x":0,"y":0}},"ground2":{"texture":"tiles1.png","frame":{"x":3,"y":3}},"mask1":null,"fringeShadow":{"texture":"tiles1.png","frame":{"x":5,"y":29}}},"tile469":{"ground1":{"texture":"tiles1.png","frame":{"x":0,"y":0}},"fringe3":null,"ground2":{"texture":"tiles1.png","frame":{"x":1,"y":3}}},"tile499":{"ground1":{"texture":"tiles1.png","frame":{"x":0,"y":0}},"ground2":{"texture":"tiles1.png","frame":{"x":1,"y":3}}},"tile529":{"ground1":{"texture":"tiles1.png","frame":{"x":0,"y":0}},"ground2":{"texture":"tiles1.png","frame":{"x":1,"y":3}}},"tile559":{"ground1":{"texture":"tiles1.png","frame":{"x":0,"y":0}},"mask2":null,"ground2":{"texture":"tiles1.png","frame":{"x":1,"y":4}}},"tile589":{"ground1":{"texture":"tiles1.png","frame":{"x":0,"y":0}},"fringeShadow":{"texture":"tiles1.png","frame":{"x":5,"y":28}}},"tile20":{"ground1":{"texture":"tiles1.png","frame":{"x":0,"y":0}}},"tile50":{"ground1":{"texture":"tiles1.png","frame":{"x":0,"y":0}}},"tile80":{"ground1":{"texture":"tiles1.png","frame":{"x":0,"y":0}}},"tile110":{"ground1":{"texture":"tiles1.png","frame":{"x":0,"y":0}},"mask3":{"texture":"tiles1.png","frame":{"x":4,"y":32}},"info":{"type":1}},"tile140":{"ground1":{"texture":"tiles1.png","frame":{"x":0,"y":0}},"mask1":{"texture":"tiles1.png","frame":{"x":3,"y":6}},"info":{"type":1},"fringe3":null},"tile170":{"ground1":{"texture":"tiles1.png","frame":{"x":0,"y":0}},"mask1":{"texture":"tiles1.png","frame":{"x":0,"y":6}},"info":{"type":1}},"tile200":{"ground1":{"texture":"tiles1.png","frame":{"x":0,"y":0}},"mask1":{"texture":"tiles1.png","frame":{"x":0,"y":6}},"info":{"type":1},"fringeShadow":{"texture":"tiles1.png","frame":{"x":5,"y":28}}},"tile230":{"ground1":{"texture":"tiles1.png","frame":{"x":0,"y":0}},"mask1":{"texture":"tiles1.png","frame":{"x":0,"y":6}},"info":{"type":1},"fringeShadow":{"texture":"tiles1.png","frame":{"x":0,"y":28}}},"tile260":{"ground1":{"texture":"tiles1.png","frame":{"x":0,"y":0}},"mask1":{"texture":"tiles1.png","frame":{"x":0,"y":6}},"info":{"type":1},"fringeShadow":{"texture":"tiles1.png","frame":{"x":0,"y":28}}},"tile290":{"ground1":{"texture":"tiles1.png","frame":{"x":0,"y":0}},"mask1":{"texture":"tiles1.png","frame":{"x":0,"y":6}},"info":{"type":1},"fringeShadow":{"texture":"tiles1.png","frame":{"x":0,"y":28}}},"tile320":{"ground1":{"texture":"tiles1.png","frame":{"x":0,"y":0}},"mask1":{"texture":"tiles1.png","frame":{"x":0,"y":6}},"info":{"type":1},"fringeShadow":{"texture":"tiles1.png","frame":{"x":0,"y":28}}},"tile350":{"ground1":{"texture":"tiles1.png","frame":{"x":0,"y":0}},"mask1":{"texture":"tiles1.png","frame":{"x":0,"y":7}},"info":{"type":1},"fringeShadow":{"texture":"tiles1.png","frame":{"x":0,"y":28}}},"tile380":{"ground1":{"texture":"tiles1.png","frame":{"x":0,"y":0}},"mask1":{"texture":"tiles1.png","frame":{"x":0,"y":8}},"fringeShadow":{"texture":"tiles1.png","frame":{"x":0,"y":28}},"info":{"type":1}},"tile410":{"ground1":{"texture":"tiles1.png","frame":{"x":0,"y":0}},"mask1":{"texture":"tiles1.png","frame":{"x":2,"y":12}},"fringe3":{"texture":"tiles1.png","frame":{"x":0,"y":17}},"ground2":{"texture":"tiles1.png","frame":{"x":1,"y":3}},"fringeShadow":{"texture":"tiles1.png","frame":{"x":0,"y":28}}},"tile440":{"ground1":{"texture":"tiles1.png","frame":{"x":0,"y":0}},"fringe3":{"texture":"tiles1.png","frame":{"x":0,"y":18}},"ground2":{"texture":"tiles1.png","frame":{"x":1,"y":3}},"fringeShadow":{"texture":"tiles1.png","frame":{"x":0,"y":28}}},"tile470":{"ground1":{"texture":"tiles1.png","frame":{"x":0,"y":0}},"fringe1":null,"fringe3":{"texture":"tiles1.png","frame":{"x":0,"y":19}},"ground2":{"texture":"tiles1.png","frame":{"x":1,"y":3}}},"tile500":{"ground1":{"texture":"tiles1.png","frame":{"x":0,"y":0}},"fringe1":{"texture":"tiles1.png","frame":{"x":0,"y":19}},"ground2":{"texture":"tiles1.png","frame":{"x":1,"y":3}}},"tile530":{"ground1":{"texture":"tiles1.png","frame":{"x":0,"y":0}},"ground2":{"texture":"tiles1.png","frame":{"x":4,"y":4}}},"tile560":{"ground1":{"texture":"tiles1.png","frame":{"x":0,"y":0}},"ground2":{"texture":"tiles1.png","frame":{"x":2,"y":4}},"fringeShadow":{"texture":"tiles1.png","frame":{"x":5,"y":28}}},"tile590":{"ground1":{"texture":"tiles1.png","frame":{"x":0,"y":0}},"fringeShadow":{"texture":"tiles1.png","frame":{"x":0,"y":28}}},"tile21":{"ground1":{"texture":"tiles1.png","frame":{"x":0,"y":0}}},"tile51":{"ground1":{"texture":"tiles1.png","frame":{"x":0,"y":0}},"ground2":{"texture":"tiles1.png","frame":{"x":2,"y":0}}},"tile81":{"ground1":{"texture":"tiles1.png","frame":{"x":0,"y":0}}},"tile111":{"ground1":{"texture":"tiles1.png","frame":{"x":0,"y":0}},"mask1":{"texture":"tiles1.png","frame":{"x":0,"y":5}},"info":{"type":1},"mask3":{"texture":"tiles1.png","frame":{"x":1,"y":37}}},"tile141":{"ground1":{"texture":"tiles1.png","frame":{"x":0,"y":0}},"mask1":{"texture":"tiles1.png","frame":{"x":0,"y":6}}},"tile171":{"ground1":{"texture":"tiles1.png","frame":{"x":0,"y":0}},"mask1":{"texture":"tiles1.png","frame":{"x":0,"y":6}},"mask2":{"texture":"tiles1.png","frame":{"x":4,"y":33}},"info":{"type":1}},"tile201":{"ground1":{"texture":"tiles1.png","frame":{"x":0,"y":0}},"mask1":{"texture":"tiles1.png","frame":{"x":0,"y":6}},"info":{"type":0}},"tile231":{"ground1":{"texture":"tiles1.png","frame":{"x":0,"y":0}},"mask1":{"texture":"tiles1.png","frame":{"x":0,"y":7}},"info":{"type":1},"fringeShadow":{"texture":"tiles1.png","frame":{"x":0,"y":32}}},"tile261":{"ground1":{"texture":"tiles1.png","frame":{"x":0,"y":0}},"mask1":{"texture":"tiles1.png","frame":{"x":0,"y":8}},"info":{"type":1},"fringeShadow":{"texture":"tiles1.png","frame":{"x":0,"y":28}}},"tile291":{"ground1":{"texture":"tiles1.png","frame":{"x":0,"y":0}},"mask1":{"texture":"tiles1.png","frame":{"x":0,"y":8}},"info":{"type":1},"fringeShadow":{"texture":"tiles1.png","frame":{"x":0,"y":28}}},"tile321":{"ground1":{"texture":"tiles1.png","frame":{"x":0,"y":0}},"mask1":{"texture":"tiles1.png","frame":{"x":2,"y":12}},"info":{"type":0},"fringeShadow":{"texture":"tiles1.png","frame":{"x":0,"y":28}}},"tile351":{"ground1":{"texture":"tiles1.png","frame":{"x":0,"y":0}},"mask1":{"texture":"tiles1.png","frame":{"x":1,"y":7}},"info":{"type":1},"fringeShadow":{"texture":"tiles1.png","frame":{"x":0,"y":28}}},"tile381":{"ground1":{"texture":"tiles1.png","frame":{"x":0,"y":0}},"mask1":{"texture":"tiles1.png","frame":{"x":1,"y":8}},"fringe3":{"texture":"tiles1.png","frame":{"x":1,"y":16}},"info":{"type":1},"fringeShadow":{"texture":"tiles1.png","frame":{"x":0,"y":28}}},"tile411":{"ground1":{"texture":"tiles1.png","frame":{"x":0,"y":0}},"mask1":{"texture":"tiles1.png","frame":{"x":3,"y":12}},"fringe3":{"texture":"tiles1.png","frame":{"x":1,"y":17}},"fringeShadow":{"texture":"tiles1.png","frame":{"x":0,"y":28}},"info":{"type":1}},"tile441":{"ground1":{"texture":"tiles1.png","frame":{"x":0,"y":0}},"fringe3":{"texture":"tiles1.png","frame":{"x":1,"y":18}},"fringe2":null,"ground2":{"texture":"tiles1.png","frame":{"x":1,"y":3}},"fringeShadow":{"texture":"tiles1.png","frame":{"x":0,"y":28}}},"tile471":{"ground1":{"texture":"tiles1.png","frame":{"x":0,"y":0}},"fringe3":{"texture":"tiles1.png","frame":{"x":1,"y":19}},"ground2":{"texture":"tiles1.png","frame":{"x":1,"y":3}}},"tile501":{"ground1":{"texture":"tiles1.png","frame":{"x":0,"y":0}},"fringe1":{"texture":"tiles1.png","frame":{"x":1,"y":19}}},"tile531":{"ground1":{"texture":"tiles1.png","frame":{"x":0,"y":0}},"mask2":{"texture":"tiles1.png","frame":{"x":1,"y":20}},"info":{"type":1},"groundShadow":{"texture":"tiles1.png","frame":{"x":2,"y":31}}},"tile561":{"ground1":{"texture":"tiles1.png","frame":{"x":0,"y":0}},"fringeShadow":{"texture":"tiles1.png","frame":{"x":0,"y":28}}},"tile591":{"ground1":{"texture":"tiles1.png","frame":{"x":0,"y":0}},"ground2":{"texture":"tiles1.png","frame":{"x":1,"y":1}},"fringeShadow":{"texture":"tiles1.png","frame":{"x":0,"y":28}},"groundShadow":null},"tile22":{"ground1":{"texture":"tiles1.png","frame":{"x":0,"y":0}}},"tile52":{"ground1":{"texture":"tiles1.png","frame":{"x":0,"y":0}}},"tile82":{"ground1":{"texture":"tiles1.png","frame":{"x":0,"y":0}}},"tile112":{"ground1":{"texture":"tiles1.png","frame":{"x":0,"y":0}},"mask1":{"texture":"tiles1.png","frame":{"x":1,"y":5}},"info":{"type":1},"mask3":{"texture":"tiles1.png","frame":{"x":1,"y":37}}},"tile142":{"ground1":{"texture":"tiles1.png","frame":{"x":0,"y":0}},"mask1":{"texture":"tiles1.png","frame":{"x":0,"y":36}},"info":{"type":1}},"tile172":{"ground1":{"texture":"tiles1.png","frame":{"x":0,"y":0}},"info":{"type":0}},"tile202":{"ground1":{"texture":"tiles1.png","frame":{"x":0,"y":0}}},"tile232":{"ground1":{"texture":"tiles1.png","frame":{"x":0,"y":0}},"mask1":{"texture":"tiles1.png","frame":{"x":1,"y":7}},"info":{"type":1},"fringeShadow":{"texture":"tiles1.png","frame":{"x":0,"y":30}}},"tile262":{"ground1":{"texture":"tiles1.png","frame":{"x":0,"y":0}},"mask1":{"texture":"tiles1.png","frame":{"x":4,"y":7}},"info":{"type":1},"fringeShadow":{"texture":"tiles1.png","frame":{"x":0,"y":28}}},"tile292":{"ground1":{"texture":"tiles1.png","frame":{"x":0,"y":0}},"mask1":{"texture":"tiles1.png","frame":{"x":1,"y":8}},"info":{"type":1},"fringeShadow":{"texture":"tiles1.png","frame":{"x":0,"y":28}}},"tile322":{"ground1":{"texture":"tiles1.png","frame":{"x":0,"y":0}},"mask1":{"texture":"tiles1.png","frame":{"x":3,"y":12}},"info":{"type":1},"fringeShadow":{"texture":"tiles1.png","frame":{"x":0,"y":28}}},"tile352":{"ground1":{"texture":"tiles1.png","frame":{"x":0,"y":0}},"mask1":{"texture":"tiles1.png","frame":{"x":1,"y":7}},"info":{"type":1},"fringeShadow":{"texture":"tiles1.png","frame":{"x":0,"y":28}}},"tile382":{"ground1":{"texture":"tiles1.png","frame":{"x":0,"y":0}},"mask1":{"texture":"tiles1.png","frame":{"x":1,"y":8}},"fringe3":{"texture":"tiles1.png","frame":{"x":2,"y":16}},"info":{"type":1},"fringeShadow":{"texture":"tiles1.png","frame":{"x":0,"y":28}}},"tile412":{"ground1":{"texture":"tiles1.png","frame":{"x":0,"y":0}},"mask1":{"texture":"tiles1.png","frame":{"x":3,"y":12}},"fringe3":{"texture":"tiles1.png","frame":{"x":2,"y":17}},"fringeShadow":{"texture":"tiles1.png","frame":{"x":0,"y":28}},"info":{"type":1}},"tile442":{"ground1":{"texture":"tiles1.png","frame":{"x":0,"y":0}},"fringe3":{"texture":"tiles1.png","frame":{"x":2,"y":18}},"ground2":{"texture":"tiles1.png","frame":{"x":1,"y":4}},"fringeShadow":{"texture":"tiles1.png","frame":{"x":0,"y":28}}},"tile472":{"ground1":{"texture":"tiles1.png","frame":{"x":0,"y":0}},"fringe2":null,"fringe3":{"texture":"tiles1.png","frame":{"x":2,"y":18}},"ground2":{"texture":"tiles1.png","frame":{"x":1,"y":3}}},"tile502":{"ground1":{"texture":"tiles1.png","frame":{"x":0,"y":0}},"fringe1":{"texture":"tiles1.png","frame":{"x":2,"y":19}}},"tile532":{"ground1":{"texture":"tiles1.png","frame":{"x":0,"y":0}},"mask2":{"texture":"tiles1.png","frame":{"x":2,"y":20}},"info":{"type":1},"fringe1":null,"groundShadow":{"texture":"tiles1.png","frame":{"x":6,"y":28}},"fringeShadow":null},"tile562":{"ground1":{"texture":"tiles1.png","frame":{"x":0,"y":0}},"groundShadow":null,"fringeShadow":{"texture":"tiles1.png","frame":{"x":0,"y":28}}},"tile592":{"ground1":{"texture":"tiles1.png","frame":{"x":0,"y":0}},"fringeShadow":{"texture":"tiles1.png","frame":{"x":0,"y":31}}},"tile23":{"ground1":{"texture":"tiles1.png","frame":{"x":0,"y":0}}},"tile53":{"ground1":{"texture":"tiles1.png","frame":{"x":0,"y":0}}},"tile83":{"ground1":{"texture":"tiles1.png","frame":{"x":0,"y":0}},"ground2":{"texture":"tiles1.png","frame":{"x":4,"y":2}}},"tile113":{"ground1":{"texture":"tiles1.png","frame":{"x":0,"y":0}},"mask1":{"texture":"tiles1.png","frame":{"x":1,"y":5}},"info":{"type":1},"mask3":{"texture":"tiles1.png","frame":{"x":1,"y":37}}},"tile143":{"ground1":{"texture":"tiles1.png","frame":{"x":0,"y":0}},"mask3":{"texture":"tiles1.png","frame":{"x":1,"y":37}},"info":{"type":1}},"tile173":{"ground1":{"texture":"tiles1.png","frame":{"x":0,"y":0}}},"tile203":{"ground1":{"texture":"tiles1.png","frame":{"x":0,"y":0}},"mask1":null},"tile233":{"ground1":{"texture":"tiles1.png","frame":{"x":0,"y":0}},"mask1":{"texture":"tiles1.png","frame":{"x":1,"y":7}},"info":{"type":1},"fringeShadow":{"texture":"tiles1.png","frame":{"x":0,"y":30}}},"tile263":{"ground1":{"texture":"tiles1.png","frame":{"x":0,"y":0}},"mask1":{"texture":"tiles1.png","frame":{"x":1,"y":8}},"info":{"type":1},"fringeShadow":{"texture":"tiles1.png","frame":{"x":0,"y":28}}},"tile293":{"ground1":{"texture":"tiles1.png","frame":{"x":0,"y":0}},"mask1":{"texture":"tiles1.png","frame":{"x":4,"y":7}},"info":{"type":1},"fringeShadow":{"texture":"tiles1.png","frame":{"x":0,"y":28}}},"tile323":{"ground1":{"texture":"tiles1.png","frame":{"x":0,"y":0}},"mask1":{"texture":"tiles1.png","frame":{"x":3,"y":12}},"info":{"type":1},"fringeShadow":{"texture":"tiles1.png","frame":{"x":0,"y":28}}},"tile353":{"ground1":{"texture":"tiles1.png","frame":{"x":0,"y":0}},"mask1":{"texture":"tiles1.png","frame":{"x":1,"y":7}},"info":{"type":1},"fringeShadow":{"texture":"tiles1.png","frame":{"x":0,"y":28}}},"tile383":{"ground1":{"texture":"tiles1.png","frame":{"x":0,"y":0}},"mask1":{"texture":"tiles1.png","frame":{"x":1,"y":8}},"fringe3":null,"info":{"type":1},"fringeShadow":{"texture":"tiles1.png","frame":{"x":0,"y":28}}},"tile413":{"ground1":{"texture":"tiles1.png","frame":{"x":0,"y":0}},"mask1":{"texture":"tiles1.png","frame":{"x":3,"y":12}},"fringe3":{"texture":"tiles1.png","frame":{"x":3,"y":17}},"ground2":{"texture":"tiles1.png","frame":{"x":1,"y":3}},"fringeShadow":{"texture":"tiles1.png","frame":{"x":0,"y":28}},"info":{"type":1}},"tile443":{"ground1":{"texture":"tiles1.png","frame":{"x":0,"y":0}},"fringe3":{"texture":"tiles1.png","frame":{"x":3,"y":18}},"ground2":{"texture":"tiles1.png","frame":{"x":1,"y":4}},"fringeShadow":{"texture":"tiles1.png","frame":{"x":0,"y":28}}},"tile473":{"ground1":{"texture":"tiles1.png","frame":{"x":0,"y":0}},"fringe3":{"texture":"tiles1.png","frame":{"x":3,"y":18}}},"tile503":{"ground1":{"texture":"tiles1.png","frame":{"x":0,"y":0}},"fringe1":{"texture":"tiles1.png","frame":{"x":3,"y":19}}},"tile533":{"ground1":{"texture":"tiles1.png","frame":{"x":0,"y":0}}},"tile563":{"ground1":{"texture":"tiles1.png","frame":{"x":0,"y":0}}},"tile593":{"ground1":{"texture":"tiles1.png","frame":{"x":0,"y":0}}},"tile24":{"ground1":{"texture":"tiles1.png","frame":{"x":0,"y":0}}},"tile54":{"ground1":{"texture":"tiles1.png","frame":{"x":0,"y":0}}},"tile84":{"ground1":{"texture":"tiles1.png","frame":{"x":0,"y":0}},"info":{"type":1},"mask3":{"texture":"tiles1.png","frame":{"x":1,"y":38}}},"tile114":{"ground1":{"texture":"tiles1.png","frame":{"x":0,"y":0}},"mask1":{"texture":"tiles1.png","frame":{"x":1,"y":5}},"info":{"type":0},"mask3":null},"tile144":{"ground1":{"texture":"tiles1.png","frame":{"x":0,"y":0}},"mask3":{"texture":"tiles1.png","frame":{"x":1,"y":37}},"info":{"type":1}},"tile174":{"ground1":{"texture":"tiles1.png","frame":{"x":0,"y":0}}},"tile204":{"ground1":{"texture":"tiles1.png","frame":{"x":0,"y":0}}},"tile234":{"ground1":{"texture":"tiles1.png","frame":{"x":0,"y":0}},"mask1":{"texture":"tiles1.png","frame":{"x":1,"y":7}},"info":{"type":1},"fringeShadow":{"texture":"tiles1.png","frame":{"x":0,"y":30}}},"tile264":{"ground1":{"texture":"tiles1.png","frame":{"x":0,"y":0}},"mask1":{"texture":"tiles1.png","frame":{"x":1,"y":8}},"info":{"type":1},"fringeShadow":{"texture":"tiles1.png","frame":{"x":0,"y":28}}},"tile294":{"ground1":{"texture":"tiles1.png","frame":{"x":0,"y":0}},"mask1":{"texture":"tiles1.png","frame":{"x":1,"y":8}},"info":{"type":1},"fringeShadow":{"texture":"tiles1.png","frame":{"x":0,"y":28}}},"tile324":{"ground1":{"texture":"tiles1.png","frame":{"x":0,"y":0}},"mask1":{"texture":"tiles1.png","frame":{"x":3,"y":12}},"info":{"type":1},"fringeShadow":{"texture":"tiles1.png","frame":{"x":0,"y":28}}},"tile354":{"ground1":{"texture":"tiles1.png","frame":{"x":0,"y":0}},"mask1":{"texture":"tiles1.png","frame":{"x":1,"y":7}},"info":{"type":1},"fringeShadow":{"texture":"tiles1.png","frame":{"x":0,"y":28}}},"tile384":{"ground1":{"texture":"tiles1.png","frame":{"x":0,"y":0}},"mask1":{"texture":"tiles1.png","frame":{"x":1,"y":8}},"info":{"type":1},"fringeShadow":{"texture":"tiles1.png","frame":{"x":0,"y":28}}},"tile414":{"ground1":{"texture":"tiles1.png","frame":{"x":0,"y":0}},"mask1":{"texture":"tiles1.png","frame":{"x":3,"y":12}},"fringeShadow":{"texture":"tiles1.png","frame":{"x":0,"y":28}},"info":{"type":1}},"tile444":{"ground1":{"texture":"tiles1.png","frame":{"x":0,"y":0}},"ground2":{"texture":"tiles1.png","frame":{"x":2,"y":4}},"mask1":{"texture":"tiles1.png","frame":{"x":1,"y":38}},"fringeShadow":{"texture":"tiles1.png","frame":{"x":0,"y":28}}},"tile474":{"ground1":{"texture":"tiles1.png","frame":{"x":0,"y":0}}},"tile504":{"ground1":{"texture":"tiles1.png","frame":{"x":0,"y":0}}},"tile534":{"ground1":{"texture":"tiles1.png","frame":{"x":0,"y":0}}},"tile564":{"ground1":{"texture":"tiles1.png","frame":{"x":0,"y":0}}},"tile594":{"ground1":{"texture":"tiles1.png","frame":{"x":0,"y":0}}},"tile25":{"ground1":{"texture":"tiles1.png","frame":{"x":0,"y":0}}},"tile55":{"ground1":{"texture":"tiles1.png","frame":{"x":0,"y":0}}},"tile85":{"ground1":{"texture":"tiles1.png","frame":{"x":0,"y":0}},"info":{"type":1},"mask3":{"texture":"tiles1.png","frame":{"x":1,"y":38}}},"tile115":{"ground1":{"texture":"tiles1.png","frame":{"x":0,"y":0}},"mask1":{"texture":"tiles1.png","frame":{"x":1,"y":5}},"info":{"type":0},"mask3":null},"tile145":{"ground1":{"texture":"tiles1.png","frame":{"x":0,"y":0}},"mask3":{"texture":"tiles1.png","frame":{"x":1,"y":37}},"info":{"type":1}},"tile175":{"ground1":{"texture":"tiles1.png","frame":{"x":0,"y":0}},"ground2":{"texture":"tiles1.png","frame":{"x":2,"y":0}}},"tile205":{"ground1":{"texture":"tiles1.png","frame":{"x":0,"y":0}}},"tile235":{"ground1":{"texture":"tiles1.png","frame":{"x":0,"y":0}},"mask1":{"texture":"tiles1.png","frame":{"x":1,"y":7}},"info":{"type":1},"fringeShadow":{"texture":"tiles1.png","frame":{"x":0,"y":30}}},"tile265":{"ground1":{"texture":"tiles1.png","frame":{"x":0,"y":0}},"mask1":{"texture":"tiles1.png","frame":{"x":1,"y":11}},"info":{"type":1},"fringeShadow":{"texture":"tiles1.png","frame":{"x":0,"y":28}}},"tile295":{"ground1":{"texture":"tiles1.png","frame":{"x":0,"y":0}},"mask1":{"texture":"tiles1.png","frame":{"x":1,"y":11}},"info":{"type":1},"fringeShadow":{"texture":"tiles1.png","frame":{"x":0,"y":28}}},"tile325":{"ground1":{"texture":"tiles1.png","frame":{"x":0,"y":0}},"mask1":{"texture":"tiles1.png","frame":{"x":3,"y":12}},"fringeShadow":{"texture":"tiles1.png","frame":{"x":0,"y":28}}},"tile355":{"ground1":{"texture":"tiles1.png","frame":{"x":0,"y":0}},"mask1":{"texture":"tiles1.png","frame":{"x":2,"y":7}},"info":{"type":1},"fringeShadow":{"texture":"tiles1.png","frame":{"x":0,"y":28}}},"tile385":{"ground1":{"texture":"tiles1.png","frame":{"x":0,"y":0}},"mask1":{"texture":"tiles1.png","frame":{"x":2,"y":8}},"info":{"type":1},"fringeShadow":{"texture":"tiles1.png","frame":{"x":0,"y":28}}},"tile415":{"ground1":{"texture":"tiles1.png","frame":{"x":0,"y":0}},"mask1":{"texture":"tiles1.png","frame":{"x":4,"y":11}},"fringeShadow":{"texture":"tiles1.png","frame":{"x":0,"y":28}}},"tile445":{"ground1":{"texture":"tiles1.png","frame":{"x":0,"y":0}},"mask1":{"texture":"tiles1.png","frame":{"x":1,"y":38}},"fringeShadow":{"texture":"tiles1.png","frame":{"x":0,"y":28}}},"tile475":{"ground1":{"texture":"tiles1.png","frame":{"x":0,"y":0}}},"tile505":{"ground1":{"texture":"tiles1.png","frame":{"x":0,"y":0}}},"tile535":{"ground1":{"texture":"tiles1.png","frame":{"x":0,"y":0}},"mask3":{"texture":"items1.png","frame":{"x":7,"y":3}}},"tile565":{"ground1":{"texture":"tiles1.png","frame":{"x":0,"y":0}}},"tile595":{"ground1":{"texture":"tiles1.png","frame":{"x":0,"y":0}}},"tile26":{"ground1":{"texture":"tiles1.png","frame":{"x":0,"y":0}}},"tile56":{"ground1":{"texture":"tiles1.png","frame":{"x":0,"y":0}}},"tile86":{"ground1":{"texture":"tiles1.png","frame":{"x":0,"y":0}},"info":{"type":1},"mask3":{"texture":"tiles1.png","frame":{"x":1,"y":38}}},"tile116":{"ground1":{"texture":"tiles1.png","frame":{"x":0,"y":0}},"mask1":{"texture":"tiles1.png","frame":{"x":1,"y":5}},"mask3":null},"tile146":{"ground1":{"texture":"tiles1.png","frame":{"x":0,"y":0}},"mask3":{"texture":"tiles1.png","frame":{"x":1,"y":37}},"info":{"type":1}},"tile176":{"ground1":{"texture":"tiles1.png","frame":{"x":0,"y":0}}},"tile206":{"ground1":{"texture":"tiles1.png","frame":{"x":0,"y":0}},"groundShadow":null},"tile236":{"ground1":{"texture":"tiles1.png","frame":{"x":0,"y":0}},"mask1":{"texture":"tiles1.png","frame":{"x":1,"y":7}},"info":{"type":1},"fringeShadow":{"texture":"tiles1.png","frame":{"x":0,"y":30}}},"tile266":{"ground1":{"texture":"tiles1.png","frame":{"x":0,"y":0}},"mask1":{"texture":"tiles1.png","frame":{"x":4,"y":7}},"info":{"type":1},"fringeShadow":{"texture":"tiles1.png","frame":{"x":0,"y":28}},"groundShadow":{"texture":"tiles1.png","frame":{"x":0,"y":28}}},"tile296":{"ground1":{"texture":"tiles1.png","frame":{"x":0,"y":0}},"mask1":{"texture":"tiles1.png","frame":{"x":1,"y":8}},"info":{"type":1},"fringeShadow":{"texture":"tiles1.png","frame":{"x":0,"y":28}}},"tile326":{"ground1":{"texture":"tiles1.png","frame":{"x":0,"y":0}},"mask1":{"texture":"tiles1.png","frame":{"x":1,"y":8}},"info":{"type":1},"fringeShadow":{"texture":"tiles1.png","frame":{"x":0,"y":28}}},"tile356":{"ground1":{"texture":"tiles1.png","frame":{"x":0,"y":0}},"mask1":{"texture":"tiles1.png","frame":{"x":3,"y":12}},"info":{"type":1},"fringeShadow":{"texture":"tiles1.png","frame":{"x":0,"y":28}}},"tile386":{"ground1":{"texture":"tiles1.png","frame":{"x":0,"y":0}},"mask1":{"texture":"tiles1.png","frame":{"x":0,"y":37}},"fringeShadow":{"texture":"tiles1.png","frame":{"x":0,"y":28}}},"tile416":{"ground1":{"texture":"tiles1.png","frame":{"x":0,"y":0}},"mask1":{"texture":"tiles1.png","frame":{"x":1,"y":38}},"fringeShadow":{"texture":"tiles1.png","frame":{"x":0,"y":28}}},"tile446":{"ground1":{"texture":"tiles1.png","frame":{"x":0,"y":0}},"mask1":{"texture":"tiles1.png","frame":{"x":1,"y":38}},"fringeShadow":{"texture":"tiles1.png","frame":{"x":0,"y":28}}},"tile476":{"ground1":{"texture":"tiles1.png","frame":{"x":0,"y":0}},"mask1":{"texture":"tiles1.png","frame":{"x":1,"y":38}}},"tile506":{"ground1":{"texture":"tiles1.png","frame":{"x":0,"y":0}}},"tile536":{"ground1":{"texture":"tiles1.png","frame":{"x":0,"y":0}}},"tile566":{"ground1":{"texture":"tiles1.png","frame":{"x":0,"y":0}}},"tile596":{"ground1":{"texture":"tiles1.png","frame":{"x":0,"y":0}}},"tile27":{"ground1":{"texture":"tiles1.png","frame":{"x":0,"y":0}}},"tile57":{"ground1":{"texture":"tiles1.png","frame":{"x":0,"y":0}}},"tile87":{"ground1":{"texture":"tiles1.png","frame":{"x":0,"y":0}},"mask1":null,"info":{"type":1},"mask3":{"texture":"tiles1.png","frame":{"x":1,"y":38}}},"tile117":{"ground1":{"texture":"tiles1.png","frame":{"x":0,"y":0}},"mask1":{"texture":"tiles1.png","frame":{"x":1,"y":5}},"info":{"type":1},"mask3":{"texture":"tiles1.png","frame":{"x":1,"y":37}}},"tile147":{"ground1":{"texture":"tiles1.png","frame":{"x":0,"y":0}},"mask3":{"texture":"tiles1.png","frame":{"x":1,"y":37}},"info":{"type":1}},"tile177":{"ground1":{"texture":"tiles1.png","frame":{"x":0,"y":0}},"mask3":{"texture":"tiles1.png","frame":{"x":1,"y":37}},"info":{"type":1}},"tile207":{"ground1":{"texture":"tiles1.png","frame":{"x":0,"y":0}}},"tile237":{"ground1":{"texture":"tiles1.png","frame":{"x":0,"y":0}},"mask1":{"texture":"tiles1.png","frame":{"x":1,"y":7}},"info":{"type":1},"fringeShadow":{"texture":"tiles1.png","frame":{"x":0,"y":30}}},"tile267":{"ground1":{"texture":"tiles1.png","frame":{"x":0,"y":0}},"mask1":{"texture":"tiles1.png","frame":{"x":4,"y":7}},"info":{"type":1},"fringeShadow":{"texture":"tiles1.png","frame":{"x":0,"y":28}}},"tile297":{"ground1":{"texture":"tiles1.png","frame":{"x":0,"y":0}},"mask1":{"texture":"tiles1.png","frame":{"x":1,"y":8}},"info":{"type":1},"fringeShadow":{"texture":"tiles1.png","frame":{"x":0,"y":28}}},"tile327":{"ground1":{"texture":"tiles1.png","frame":{"x":0,"y":0}},"mask1":{"texture":"tiles1.png","frame":{"x":6,"y":14}},"info":{"type":1},"fringeShadow":{"texture":"tiles1.png","frame":{"x":0,"y":28}}},"tile357":{"ground1":{"texture":"tiles1.png","frame":{"x":0,"y":0}},"mask1":{"texture":"tiles1.png","frame":{"x":6,"y":15}},"info":{"type":1},"fringeShadow":{"texture":"tiles1.png","frame":{"x":0,"y":28}}},"tile387":{"ground1":{"texture":"tiles1.png","frame":{"x":0,"y":0}},"mask1":null,"fringeShadow":{"texture":"tiles1.png","frame":{"x":0,"y":28}}},"tile417":{"ground1":{"texture":"tiles1.png","frame":{"x":0,"y":0}},"mask1":{"texture":"tiles1.png","frame":{"x":0,"y":37}},"fringeShadow":{"texture":"tiles1.png","frame":{"x":0,"y":28}}},"tile447":{"ground1":{"texture":"tiles1.png","frame":{"x":0,"y":0}},"mask1":{"texture":"tiles1.png","frame":{"x":1,"y":38}},"fringeShadow":{"texture":"tiles1.png","frame":{"x":0,"y":28}}},"tile477":{"ground1":{"texture":"tiles1.png","frame":{"x":0,"y":0}},"mask2":{"texture":"tiles1.png","frame":{"x":4,"y":32}}},"tile507":{"ground1":{"texture":"tiles1.png","frame":{"x":0,"y":0}}},"tile537":{"ground1":{"texture":"tiles1.png","frame":{"x":0,"y":0}}},"tile567":{"ground1":{"texture":"tiles1.png","frame":{"x":0,"y":0}}},"tile597":{"ground1":{"texture":"tiles1.png","frame":{"x":0,"y":0}}},"tile28":{"ground1":{"texture":"tiles1.png","frame":{"x":0,"y":0}},"mask3":{"texture":"tiles1.png","frame":{"x":1,"y":38}},"info":{"type":1}},"tile58":{"ground1":{"texture":"tiles1.png","frame":{"x":0,"y":0}},"info":{"type":1},"mask3":{"texture":"tiles1.png","frame":{"x":1,"y":38}}},"tile88":{"ground1":{"texture":"tiles1.png","frame":{"x":0,"y":0}},"info":{"type":1},"mask3":{"texture":"tiles1.png","frame":{"x":1,"y":38}}},"tile118":{"ground1":{"texture":"tiles1.png","frame":{"x":0,"y":0}},"mask1":{"texture":"tiles1.png","frame":{"x":1,"y":5}},"info":{"type":1},"mask3":{"texture":"tiles1.png","frame":{"x":1,"y":37}}},"tile148":{"ground1":{"texture":"tiles1.png","frame":{"x":0,"y":0}},"mask3":{"texture":"tiles1.png","frame":{"x":1,"y":37}},"info":{"type":1}},"tile178":{"ground1":{"texture":"tiles1.png","frame":{"x":0,"y":0}}},"tile208":{"ground1":{"texture":"tiles1.png","frame":{"x":0,"y":0}}},"tile238":{"ground1":{"texture":"tiles1.png","frame":{"x":0,"y":0}},"mask1":{"texture":"tiles1.png","frame":{"x":1,"y":7}},"info":{"type":1},"fringeShadow":{"texture":"tiles1.png","frame":{"x":0,"y":30}}},"tile268":{"ground1":{"texture":"tiles1.png","frame":{"x":0,"y":0}},"mask1":{"texture":"tiles1.png","frame":{"x":1,"y":11}},"info":{"type":1},"fringeShadow":{"texture":"tiles1.png","frame":{"x":0,"y":28}}},"tile298":{"ground1":{"texture":"tiles1.png","frame":{"x":0,"y":0}},"mask1":{"texture":"tiles1.png","frame":{"x":1,"y":8}},"info":{"type":1},"fringeShadow":{"texture":"tiles1.png","frame":{"x":0,"y":28}}},"tile328":{"ground1":{"texture":"tiles1.png","frame":{"x":0,"y":0}},"mask1":{"texture":"tiles1.png","frame":{"x":1,"y":11}},"info":{"type":1},"fringeShadow":{"texture":"tiles1.png","frame":{"x":0,"y":28}}},"tile358":{"ground1":{"texture":"tiles1.png","frame":{"x":0,"y":0}},"mask1":{"texture":"tiles1.png","frame":{"x":3,"y":12}},"info":{"type":1},"fringeShadow":{"texture":"tiles1.png","frame":{"x":0,"y":28}}},"tile388":{"ground1":{"texture":"tiles1.png","frame":{"x":0,"y":0}},"mask1":null,"fringeShadow":{"texture":"tiles1.png","frame":{"x":0,"y":28}}},"tile418":{"ground1":{"texture":"tiles1.png","frame":{"x":0,"y":0}},"mask1":{"texture":"tiles1.png","frame":{"x":0,"y":37}},"fringeShadow":{"texture":"tiles1.png","frame":{"x":0,"y":28}}},"tile448":{"ground1":{"texture":"tiles1.png","frame":{"x":0,"y":0}},"mask1":null,"fringeShadow":{"texture":"tiles1.png","frame":{"x":0,"y":28}}},"tile478":{"ground1":{"texture":"tiles1.png","frame":{"x":0,"y":0}}},"tile508":{"ground1":{"texture":"tiles1.png","frame":{"x":0,"y":0}}},"tile538":{"ground1":{"texture":"tiles1.png","frame":{"x":0,"y":0}}},"tile568":{"ground1":{"texture":"tiles1.png","frame":{"x":0,"y":0}}},"tile598":{"ground1":{"texture":"tiles1.png","frame":{"x":0,"y":0}},"ground2":{"texture":"tiles1.png","frame":{"x":4,"y":2}}},"tile29":{"ground1":{"texture":"tiles1.png","frame":{"x":0,"y":0}}},"tile59":{"ground1":{"texture":"tiles1.png","frame":{"x":0,"y":0}},"info":{"type":1},"mask3":{"texture":"tiles1.png","frame":{"x":1,"y":38}}},"tile89":{"ground1":{"texture":"tiles1.png","frame":{"x":0,"y":0}},"info":{"type":1},"mask3":{"texture":"tiles1.png","frame":{"x":1,"y":38}}},"tile119":{"ground1":{"texture":"tiles1.png","frame":{"x":0,"y":0}},"mask1":{"texture":"tiles1.png","frame":{"x":1,"y":5}},"info":{"type":1},"mask3":{"texture":"tiles1.png","frame":{"x":1,"y":37}}},"tile149":{"ground1":{"texture":"tiles1.png","frame":{"x":0,"y":0}}},"tile179":{"ground1":{"texture":"tiles1.png","frame":{"x":0,"y":0}}},"tile209":{"ground1":{"texture":"tiles1.png","frame":{"x":0,"y":0}}},"tile239":{"ground1":{"texture":"tiles1.png","frame":{"x":0,"y":0}},"mask1":{"texture":"tiles1.png","frame":{"x":1,"y":7}},"info":{"type":1},"fringeShadow":{"texture":"tiles1.png","frame":{"x":0,"y":30}}},"tile269":{"ground1":{"texture":"tiles1.png","frame":{"x":0,"y":0}},"mask1":{"texture":"tiles1.png","frame":{"x":1,"y":11}},"info":{"type":1},"fringeShadow":{"texture":"tiles1.png","frame":{"x":0,"y":28}}},"tile299":{"ground1":{"texture":"tiles1.png","frame":{"x":0,"y":0}},"mask1":{"texture":"tiles1.png","frame":{"x":1,"y":8}},"fringeShadow":{"texture":"tiles1.png","frame":{"x":0,"y":28}}},"tile329":{"ground1":{"texture":"tiles1.png","frame":{"x":0,"y":0}},"mask1":{"texture":"tiles1.png","frame":{"x":1,"y":8}},"info":{"type":1},"fringeShadow":{"texture":"tiles1.png","frame":{"x":0,"y":28}}},"tile359":{"ground1":{"texture":"tiles1.png","frame":{"x":0,"y":0}},"mask1":{"texture":"tiles1.png","frame":{"x":3,"y":12}},"info":{"type":1},"fringeShadow":{"texture":"tiles1.png","frame":{"x":0,"y":28}}},"tile389":{"ground1":{"texture":"tiles1.png","frame":{"x":0,"y":0}},"mask1":null,"fringeShadow":{"texture":"tiles1.png","frame":{"x":0,"y":28}}},"tile419":{"ground1":{"texture":"tiles1.png","frame":{"x":0,"y":0}},"mask1":null,"fringeShadow":{"texture":"tiles1.png","frame":{"x":0,"y":28}}},"tile449":{"ground1":{"texture":"tiles1.png","frame":{"x":0,"y":0}},"mask1":{"texture":"tiles1.png","frame":{"x":0,"y":37}},"fringeShadow":{"texture":"tiles1.png","frame":{"x":0,"y":28}}},"tile479":{"ground1":{"texture":"tiles1.png","frame":{"x":0,"y":0}}},"tile509":{"ground1":{"texture":"tiles1.png","frame":{"x":0,"y":0}}},"tile539":{"ground1":{"texture":"tiles1.png","frame":{"x":0,"y":0}}},"tile569":{"ground1":{"texture":"tiles1.png","frame":{"x":0,"y":0}}},"tile599":{"ground1":{"texture":"tiles1.png","frame":{"x":0,"y":0}}},"mapdata":{"mapConnectors":{"up":"","down":"2","left":"","right":""}}}