{"mapdata":{"mapConnectors":{"up":"1","down":"2","left":"","right":""}},"tile0":{},"tile30":{},"tile60":{},"tile90":{},"tile120":{},"tile150":{},"tile180":{},"tile210":{},"tile240":{},"tile270":{},"tile300":{},"tile330":{},"tile360":{},"tile390":{},"tile420":{},"tile450":{},"tile480":{},"tile510":{},"tile540":{},"tile570":{},"tile1":{},"tile31":{},"tile61":{},"tile91":{},"tile121":{},"tile151":{},"tile181":{},"tile211":{},"tile241":{},"tile271":{},"tile301":{},"tile331":{},"tile361":{},"tile391":{},"tile421":{},"tile451":{},"tile481":{},"tile511":{},"tile541":{},"tile571":{},"tile2":{},"tile32":{},"tile62":{},"tile92":{},"tile122":{},"tile152":{},"tile182":{},"tile212":{},"tile242":{},"tile272":{},"tile302":{},"tile332":{},"tile362":{},"tile392":{},"tile422":{},"tile452":{},"tile482":{},"tile512":{},"tile542":{},"tile572":{},"tile3":{},"tile33":{},"tile63":{},"tile93":{},"tile123":{},"tile153":{},"tile183":{},"tile213":{},"tile243":{},"tile273":{},"tile303":{},"tile333":{},"tile363":{},"tile393":{},"tile423":{},"tile453":{},"tile483":{},"tile513":{},"tile543":{},"tile573":{},"tile4":{},"tile34":{},"tile64":{},"tile94":{},"tile124":{},"tile154":{},"tile184":{},"tile214":{},"tile244":{},"tile274":{},"tile304":{},"tile334":{},"tile364":{},"tile394":{},"tile424":{},"tile454":{},"tile484":{},"tile514":{},"tile544":{},"tile574":{},"tile5":{},"tile35":{},"tile65":{},"tile95":{},"tile125":{},"tile155":{},"tile185":{},"tile215":{},"tile245":{},"tile275":{},"tile305":{},"tile335":{},"tile365":{},"tile395":{},"tile425":{},"tile455":{},"tile485":{},"tile515":{},"tile545":{},"tile575":{},"tile6":{},"tile36":{},"tile66":{},"tile96":{},"tile126":{},"tile156":{},"tile186":{},"tile216":{},"tile246":{},"tile276":{},"tile306":{},"tile336":{},"tile366":{},"tile396":{},"tile426":{},"tile456":{},"tile486":{},"tile516":{},"tile546":{},"tile576":{},"tile7":{},"tile37":{},"tile67":{},"tile97":{},"tile127":{},"tile157":{},"tile187":{},"tile217":{},"tile247":{},"tile277":{},"tile307":{},"tile337":{},"tile367":{},"tile397":{},"tile427":{},"tile457":{},"tile487":{},"tile517":{},"tile547":{},"tile577":{},"tile8":{},"tile38":{},"tile68":{},"tile98":{},"tile128":{},"tile158":{},"tile188":{},"tile218":{},"tile248":{},"tile278":{},"tile308":{},"tile338":{},"tile368":{},"tile398":{},"tile428":{},"tile458":{},"tile488":{},"tile518":{},"tile548":{},"tile578":{},"tile9":{},"tile39":{},"tile69":{},"tile99":{},"tile129":{},"tile159":{},"tile189":{},"tile219":{},"tile249":{},"tile279":{},"tile309":{},"tile339":{},"tile369":{},"tile399":{},"tile429":{},"tile459":{},"tile489":{},"tile519":{},"tile549":{},"tile579":{},"tile10":{},"tile40":{},"tile70":{},"tile100":{},"tile130":{},"tile160":{},"tile190":{},"tile220":{},"tile250":{},"tile280":{},"tile310":{},"tile340":{},"tile370":{},"tile400":{},"tile430":{},"tile460":{},"tile490":{},"tile520":{},"tile550":{},"tile580":{},"tile11":{},"tile41":{},"tile71":{},"tile101":{},"tile131":{},"tile161":{},"tile191":{},"tile221":{},"tile251":{},"tile281":{},"tile311":{},"tile341":{},"tile371":{},"tile401":{},"tile431":{},"tile461":{},"tile491":{},"tile521":{},"tile551":{},"tile581":{},"tile12":{},"tile42":{},"tile72":{},"tile102":{},"tile132":{},"tile162":{},"tile192":{},"tile222":{},"tile252":{},"tile282":{},"tile312":{},"tile342":{},"tile372":{},"tile402":{},"tile432":{},"tile462":{},"tile492":{},"tile522":{},"tile552":{},"tile582":{},"tile13":{},"tile43":{},"tile73":{},"tile103":{},"tile133":{},"tile163":{},"tile193":{},"tile223":{},"tile253":{},"tile283":{},"tile313":{},"tile343":{},"tile373":{},"tile403":{},"tile433":{},"tile463":{},"tile493":{},"tile523":{},"tile553":{},"tile583":{},"tile14":{},"tile44":{},"tile74":{},"tile104":{},"tile134":{},"tile164":{},"tile194":{},"tile224":{},"tile254":{},"tile284":{},"tile314":{},"tile344":{},"tile374":{},"tile404":{},"tile434":{},"tile464":{},"tile494":{},"tile524":{},"tile554":{},"tile584":{},"tile15":{},"tile45":{},"tile75":{},"tile105":{},"tile135":{},"tile165":{},"tile195":{},"tile225":{},"tile255":{},"tile285":{},"tile315":{},"tile345":{},"tile375":{},"tile405":{},"tile435":{},"tile465":{},"tile495":{},"tile525":{},"tile555":{},"tile585":{},"tile16":{},"tile46":{},"tile76":{},"tile106":{},"tile136":{},"tile166":{},"tile196":{},"tile226":{},"tile256":{},"tile286":{},"tile316":{},"tile346":{},"tile376":{},"tile406":{},"tile436":{},"tile466":{},"tile496":{},"tile526":{},"tile556":{},"tile586":{},"tile17":{},"tile47":{},"tile77":{},"tile107":{},"tile137":{},"tile167":{},"tile197":{},"tile227":{},"tile257":{},"tile287":{},"tile317":{},"tile347":{},"tile377":{},"tile407":{},"tile437":{},"tile467":{},"tile497":{},"tile527":{},"tile557":{},"tile587":{},"tile18":{},"tile48":{},"tile78":{},"tile108":{},"tile138":{},"tile168":{},"tile198":{},"tile228":{},"tile258":{},"tile288":{},"tile318":{},"tile348":{},"tile378":{},"tile408":{},"tile438":{},"tile468":{},"tile498":{},"tile528":{},"tile558":{},"tile588":{},"tile19":{},"tile49":{},"tile79":{},"tile109":{},"tile139":{},"tile169":{},"tile199":{},"tile229":{},"tile259":{},"tile289":{},"tile319":{},"tile349":{},"tile379":{},"tile409":{},"tile439":{},"tile469":{},"tile499":{},"tile529":{},"tile559":{},"tile589":{},"tile20":{},"tile50":{},"tile80":{},"tile110":{},"tile140":{},"tile170":{},"tile200":{},"tile230":{},"tile260":{},"tile290":{},"tile320":{},"tile350":{},"tile380":{},"tile410":{},"tile440":{},"tile470":{},"tile500":{},"tile530":{},"tile560":{},"tile590":{},"tile21":{},"tile51":{},"tile81":{},"tile111":{},"tile141":{},"tile171":{},"tile201":{},"tile231":{},"tile261":{},"tile291":{},"tile321":{},"tile351":{},"tile381":{},"tile411":{},"tile441":{},"tile471":{},"tile501":{},"tile531":{},"tile561":{},"tile591":{},"tile22":{},"tile52":{},"tile82":{},"tile112":{},"tile142":{},"tile172":{},"tile202":{},"tile232":{},"tile262":{},"tile292":{},"tile322":{},"tile352":{},"tile382":{},"tile412":{},"tile442":{},"tile472":{},"tile502":{},"tile532":{},"tile562":{},"tile592":{},"tile23":{},"tile53":{},"tile83":{},"tile113":{},"tile143":{},"tile173":{},"tile203":{},"tile233":{},"tile263":{},"tile293":{},"tile323":{},"tile353":{},"tile383":{},"tile413":{},"tile443":{},"tile473":{},"tile503":{},"tile533":{},"tile563":{},"tile593":{},"tile24":{},"tile54":{},"tile84":{},"tile114":{},"tile144":{},"tile174":{},"tile204":{},"tile234":{},"tile264":{},"tile294":{},"tile324":{},"tile354":{},"tile384":{},"tile414":{},"tile444":{},"tile474":{},"tile504":{},"tile534":{},"tile564":{},"tile594":{},"tile25":{},"tile55":{},"tile85":{},"tile115":{},"tile145":{},"tile175":{},"tile205":{},"tile235":{},"tile265":{},"tile295":{},"tile325":{},"tile355":{},"tile385":{},"tile415":{},"tile445":{},"tile475":{},"tile505":{},"tile535":{},"tile565":{},"tile595":{},"tile26":{},"tile56":{},"tile86":{},"tile116":{},"tile146":{},"tile176":{},"tile206":{},"tile236":{},"tile266":{},"tile296":{},"tile326":{},"tile356":{},"tile386":{},"tile416":{},"tile446":{},"tile476":{},"tile506":{},"tile536":{},"tile566":{},"tile596":{},"tile27":{},"tile57":{},"tile87":{},"tile117":{},"tile147":{},"tile177":{},"tile207":{},"tile237":{},"tile267":{},"tile297":{},"tile327":{},"tile357":{},"tile387":{},"tile417":{},"tile447":{},"tile477":{},"tile507":{},"tile537":{},"tile567":{},"tile597":{},"tile28":{},"tile58":{},"tile88":{},"tile118":{},"tile148":{},"tile178":{},"tile208":{},"tile238":{},"tile268":{},"tile298":{},"tile328":{},"tile358":{},"tile388":{},"tile418":{},"tile448":{},"tile478":{},"tile508":{},"tile538":{},"tile568":{},"tile598":{},"tile29":{},"tile59":{},"tile89":{},"tile119":{},"tile149":{},"tile179":{},"tile209":{},"tile239":{},"tile269":{},"tile299":{},"tile329":{},"tile359":{},"tile389":{},"tile419":{},"tile449":{},"tile479":{},"tile509":{},"tile539":{},"tile569":{},"tile599":{}}